SNP	A1	A2	BETA	SE	CHR	BP	TARGET_GENE	P
rsMINI000001	C	A	-0.019226061031262662	0.1	1	1000000	MINI_GENE_000001	0.8475380711773797
rsMINI000002	C	T	0.04272741812576439	0.1	1	1002000	MINI_GENE_000002	0.6691796359272761
rsMINI000003	G	T	0.005228239678838226	0.1	1	1004000	MINI_GENE_000003	0.9583036794599391
rsMINI000004	A	C	0.05565136439928612	0.1	1	1006000	MINI_GENE_000004	0.5778597698219422
rsMINI000005	C	T	-0.037632758703368435	0.1	1	1008000	MINI_GENE_000005	0.7066733726728406
rsMINI000006	C	T	0.04181712174336375	0.1	1	1010000	MINI_GENE_000006	0.6758219381709346
rsMINI000007	G	T	0.04488728309419934	0.1	1	1012000	MINI_GENE_000007	0.65352339623577
rsMINI000008	A	C	0.040713755836557675	0.1	1	1014000	MINI_GENE_000008	0.6839069595127583
rsMINI000009	C	T	0.06333238098512024	0.1	1	1016000	MINI_GENE_000009	0.526522207882147
rsMINI000010	A	G	-0.05560427329497994	0.1	1	1018000	MINI_GENE_000010	0.5781816422038271
rsMINI000011	A	C	0.04191550453775864	0.1	1	1020000	MINI_GENE_000011	0.6751028239302839
rsMINI000012	A	G	0.1274193574049221	0.1	1	1022000	MINI_GENE_000012	0.2025948220075515
rsMINI000013	C	T	-0.07887006933495741	0.1	1	1024000	MINI_GENE_000013	0.4302869625907747
rsMINI000014	A	C	0.022139566618361292	0.1	1	1026000	MINI_GENE_000014	0.824784366596282
rsMINI000015	G	T	-0.02629232266122926	0.1	1	1028000	MINI_GENE_000015	0.7926097537097283
rsMINI000016	A	G	0.02304097142244434	0.1	1	1030000	MINI_GENE_000016	0.8177734133491575
rsMINI000017	A	G	0.015924206644737954	0.1	1	1032000	MINI_GENE_000017	0.8734781624565905
rsMINI000018	C	T	0.05840923271208261	0.1	1	1034000	MINI_GENE_000018	0.5591581967832404
rsMINI000019	A	C	-0.06571308045049419	0.1	1	1036000	MINI_GENE_000019	0.5110968132258294
rsMINI000020	A	T	0.012947675926180683	0.1	1	1038000	MINI_GENE_000020	0.8969804135670252
rsMINI000021	A	G	0.025099541131972977	0.1	1	1040000	MINI_GENE_000021	0.8018176568943355
rsMINI000022	G	T	-0.08634119265389377	0.1	1	1042000	MINI_GENE_000022	0.387911024367099
rsMINI000023	A	G	-0.005751061588971285	0.1	1	1044000	MINI_GENE_000023	0.9541384498491257
rsMINI000024	G	T	-0.015115947565715954	0.1	1	1046000	MINI_GENE_000024	0.8798499166467082
rsMINI000025	C	T	0.03105711619926769	0.1	1	1048000	MINI_GENE_000025	0.7561266531447252
rsMINI000026	A	C	-0.040174360680540866	0.1	1	1050000	MINI_GENE_000026	0.6878727285206576
rsMINI000027	C	T	-0.07845329854387627	0.1	1	1052000	MINI_GENE_000027	0.4327274348475765
rsMINI000028	A	G	-0.04656281027163444	0.1	1	1054000	MINI_GENE_000028	0.6414817237327199
rsMINI000029	C	T	0.09559501044984647	0.1	1	1056000	MINI_GENE_000029	0.33909744334355535
rsMINI000030	A	C	-0.03192475050757389	0.1	1	1058000	MINI_GENE_000030	0.7495388362793312
rsMINI000031	A	C	0.06083400497090206	0.1	1	1060000	MINI_GENE_000031	0.5429619637688312
rsMINI000032	G	T	-0.022654929370752832	0.1	1	1062000	MINI_GENE_000032	0.8207742248029812
rsMINI000033	G	T	-0.0423305104421751	0.1	1	1064000	MINI_GENE_000033	0.6720726705744913
rsMINI000034	G	T	0.015500247159685308	0.1	1	1066000	MINI_GENE_000034	0.8768193688044328
rsMINI000035	C	T	0.039950296655309726	0.1	1	1068000	MINI_GENE_000035	0.6895226383124541
rsMINI000036	A	G	0.02899230689580066	0.1	1	1070000	MINI_GENE_000036	0.7718750927477116
rsMINI000037	A	C	0.008905377563980082	0.1	1	1072000	MINI_GENE_000037	0.9290391730667952
rsMINI000038	G	A	0.11999602584099345	0.1	1	1074000	MINI_GENE_000038	0.23015477533664108
rsMINI000039	A	G	0.004315721493355506	0.1	1	1076000	MINI_GENE_000039	0.9655762108260424
rsMINI000040	C	T	0.030441920550901738	0.1	1	1078000	MINI_GENE_000040	0.7608085378054872
rsMINI000041	G	T	0.02273146488717693	0.1	1	1080000	MINI_GENE_000041	0.820179083085707
rsMINI000042	A	G	-0.08924115244812071	0.1	1	1082000	MINI_GENE_000042	0.37217239625173926
rsMINI000043	G	T	0.03300572871434498	0.1	1	1084000	MINI_GENE_000043	0.7413566762847683
rsMINI000044	A	G	0.060733645368766215	0.1	1	1086000	MINI_GENE_000044	0.5436276509091545
rsMINI000045	C	T	-0.030283950610097355	0.1	1	1088000	MINI_GENE_000045	0.7620121747267274
rsMINI000046	A	C	-0.08537226109968382	0.1	1	1090000	MINI_GENE_000046	0.3932587028029619
rsMINI000047	C	T	0.029212653636558977	0.1	1	1092000	MINI_GENE_000047	0.770189878074327
rsMINI000048	C	T	-0.052149564191716825	0.1	1	1094000	MINI_GENE_000048	0.6020215407278969
rsMINI000049	C	T	-0.05649280250744999	0.1	1	1096000	MINI_GENE_000049	0.5721227207843412
rsMINI000050	A	G	-0.02492204652003636	0.1	1	1098000	MINI_GENE_000050	0.8031902498249088
rsMINI000051	A	G	-0.040243876720679805	0.1	1	1100000	MINI_GENE_000051	0.6873611441182144
rsMINI000052	A	G	-0.02661777203614494	0.1	1	1102000	MINI_GENE_000052	0.7901023408365514
rsMINI000053	G	T	-0.13008951436447627	0.1	1	1104000	MINI_GENE_000053	0.19329434863973818
rsMINI000054	A	C	0.12127965522845685	0.1	1	1106000	MINI_GENE_000054	0.225207613911775
rsMINI000055	A	G	0.10160714616519823	0.1	1	1108000	MINI_GENE_000055	0.309595357814359
rsMINI000056	A	C	-0.008543418214283532	0.1	1	1110000	MINI_GENE_000056	0.9319162190732613
rsMINI000057	C	T	0.12204664094990031	0.1	1	1112000	MINI_GENE_000057	0.22228811573774981
rsMINI000058	G	T	-0.01121306751206609	0.1	1	1114000	MINI_GENE_000058	0.9107197955639175
rsMINI000059	G	T	0.07881471031821084	0.1	1	1116000	MINI_GENE_000059	0.43061066582875496
rsMINI000060	C	T	0.011880770705925421	0.1	1	1118000	MINI_GENE_000060	0.9054277025855686
rsMINI000061	A	G	-0.19746816174486215	0.1	1	1120000	MINI_GENE_000061	0.04830429031944975
rsMINI000062	A	C	-0.05770661443321384	0.1	1	1122000	MINI_GENE_000062	0.5638947738110383
rsMINI000063	A	G	0.05517491167559712	0.1	1	1124000	MINI_GENE_000063	0.5811202533797468
rsMINI000064	C	T	0.03408990996705513	0.1	1	1126000	MINI_GENE_000064	0.7331795426232588
rsMINI000065	C	T	0.006384664257973846	0.1	1	1128000	MINI_GENE_000065	0.9490923385861247
rsMINI000066	A	C	0.21168779744623736	0.1	1	1130000	MINI_GENE_000066	0.03427020542557293
rsMINI000067	A	C	0.042916383579297224	0.1	1	1132000	MINI_GENE_000067	0.6678039990696831
rsMINI000068	A	C	-0.09878522593824311	0.1	1	1134000	MINI_GENE_000068	0.32322500921919933
rsMINI000069	G	T	-0.005984384278657356	0.1	1	1136000	MINI_GENE_000069	0.9522800066335284
rsMINI000070	A	G	-0.04092714961300365	0.1	1	1138000	MINI_GENE_000070	0.6823404310359578
rsMINI000071	A	G	-0.09080833410823906	0.1	1	1140000	MINI_GENE_000071	0.36383419124972693
rsMINI000072	A	G	-0.09626823927769679	0.1	1	1142000	MINI_GENE_000072	0.335706935346183
rsMINI000073	C	T	-0.0039230171013282305	0.1	1	1144000	MINI_GENE_000073	0.9687068791550961
rsMINI000074	A	C	-0.006677718172286898	0.1	1	1146000	MINI_GENE_000074	0.9467590892006006
rsMINI000075	C	A	0.02299361899643615	0.1	1	1148000	MINI_GENE_000075	0.8181413541255629
rsMINI000076	C	T	-0.043891149316462826	0.1	1	1150000	MINI_GENE_000076	0.6607256685780278
rsMINI000077	G	T	-0.003047189368247669	0.1	1	1152000	MINI_GENE_000077	0.9756907085604708
rsMINI000078	A	C	-0.004515729950778521	0.1	1	1154000	MINI_GENE_000078	0.9639819295626773
rsMINI000079	G	T	0.20654557330862122	0.1	1	1156000	MINI_GENE_000079	0.038879899867235224
rsMINI000080	C	T	-0.021379976339495742	0.1	1	1158000	MINI_GENE_000080	0.8307032094715965
rsMINI000081	A	C	-0.04395853941498875	0.1	1	1160000	MINI_GENE_000081	0.6602374211859223
rsMINI000082	A	G	-0.010134899912231765	0.1	1	1162000	MINI_GENE_000082	0.9192734207285619
rsMINI000083	C	T	0.014401264153424131	0.1	1	1164000	MINI_GENE_000083	0.8854904871969698
rsMINI000084	G	T	-0.10210187246723496	0.1	1	1166000	MINI_GENE_000084	0.30724556741924247
rsMINI000085	C	T	0.047292799174238224	0.1	1	1168000	MINI_GENE_000085	0.6362645536804934
rsMINI000086	C	T	0.03775780951256588	0.1	1	1170000	MINI_GENE_000086	0.7057440397044255
rsMINI000087	C	T	0.054887829712575865	0.1	1	1172000	MINI_GENE_000087	0.5830889730036974
rsMINI000088	G	T	0.006885711004402229	0.1	1	1174000	MINI_GENE_000088	0.9451033586736879
rsMINI000089	A	G	-0.019715606480867176	0.1	1	1176000	MINI_GENE_000089	0.8437054109477813
rsMINI000090	A	G	0.023249030701429203	0.1	1	1178000	MINI_GENE_000090	0.8161572148742802
rsMINI000091	G	T	-0.06054919529554209	0.1	1	1180000	MINI_GENE_000091	0.5448521698919451
rsMINI000092	C	T	-0.06593634601384926	0.1	1	1182000	MINI_GENE_000092	0.509662400335174
rsMINI000093	G	T	-0.09407522391414339	0.1	1	1184000	MINI_GENE_000093	0.34683184160896324
rsMINI000094	C	T	-0.061455572226270475	0.1	1	1186000	MINI_GENE_000094	0.5388481631973261
rsMINI000095	A	C	-0.07697549268954108	0.1	1	1188000	MINI_GENE_000095	0.44144528119609816
rsMINI000096	C	T	0.04421786392409088	0.1	1	1190000	MINI_GENE_000096	0.6583599420955578
rsMINI000097	A	C	-0.06208248040304966	0.1	1	1192000	MINI_GENE_000097	0.5347149013061416
rsMINI000098	C	T	0.0013091208418602722	0.1	1	1194000	MINI_GENE_000098	0.9895550252642352
rsMINI000099	A	C	0.05094364997027351	0.1	1	1196000	MINI_GENE_000099	0.6104462976618397
rsMINI000100	A	G	-0.0023255005585117393	0.1	1	1198000	MINI_GENE_000100	0.9814468623388815
rsMINI000101	C	T	0.005899809413417174	0.1	1	1200000	MINI_GENE_000101	0.952953626129994
rsMINI000102	A	C	0.05238145146015092	0.1	1	1202000	MINI_GENE_000102	0.6004075570212909
rsMINI000103	A	G	-0.09729515820822797	0.1	1	1204000	MINI_GENE_000103	0.3305773665969187
rsMINI000104	A	C	-0.0036629626256360864	0.1	1	1206000	MINI_GENE_000104	0.9707803210391064
rsMINI000105	G	T	-0.045962611080777906	0.1	1	1208000	MINI_GENE_000105	0.6457846139761683
rsMINI000106	C	T	-0.005680396710310336	0.1	1	1210000	MINI_GENE_000106	0.9547013537516524
rsMINI000107	C	T	-0.03810176552748494	0.1	1	1212000	MINI_GENE_000107	0.7031901479195588
rsMINI000108	G	T	-0.05862286284618007	0.1	1	1214000	MINI_GENE_000108	0.5577218856434659
rsMINI000109	A	C	-0.08397369208100562	0.1	1	1216000	MINI_GENE_000109	0.40105590806405655
rsMINI000110	A	G	0.025821680903756434	0.1	1	1218000	MINI_GENE_000110	0.7962395859731057
rsMINI000111	A	C	-0.08311457982622814	0.1	1	1220000	MINI_GENE_000111	0.40589127005085024
rsMINI000112	G	A	0.1227279529808617	0.1	1	1222000	MINI_GENE_000112	0.21971754667955817
rsMINI000113	A	G	-0.06542262104440436	0.1	1	1224000	MINI_GENE_000113	0.5129660775367524
rsMINI000114	A	C	-0.08546878330715324	0.1	1	1226000	MINI_GENE_000114	0.3927239879817754
rsMINI000115	A	C	-0.07866049031121501	0.1	1	1228000	MINI_GENE_000115	0.4315131881452226
rsMINI000116	A	G	-0.03647749262704233	0.1	1	1230000	MINI_GENE_000116	0.7152794232604951
rsMINI000117	A	C	0.05479055828940367	0.1	1	1232000	MINI_GENE_000117	0.5837567351894344
rsMINI000118	C	T	0.02706347518237333	0.1	1	1234000	MINI_GENE_000118	0.7866719648285398
rsMINI000119	G	T	0.07284846052929599	0.1	1	1236000	MINI_GENE_000119	0.46631698910487035
rsMINI000120	C	T	0.13974830631713908	0.1	1	1238000	MINI_GENE_000120	0.16226835630260739
rsMINI000121	G	T	0.08244016976688431	0.1	1	1240000	MINI_GENE_000121	0.4097113505613991
rsMINI000122	G	T	-0.0031398790026368226	0.1	1	1242000	MINI_GENE_000122	0.9749515060959715
rsMINI000123	A	G	-0.006473154258973596	0.1	1	1244000	MINI_GENE_000123	0.9483877481257702
rsMINI000124	A	C	-0.0317072576763928	0.1	1	1246000	MINI_GENE_000124	0.7511885326749086
rsMINI000125	A	G	0.036161423078802234	0.1	1	1248000	MINI_GENE_000125	0.7176403287509034
rsMINI000126	A	G	-0.03133861265426844	0.1	1	1250000	MINI_GENE_000126	0.7539873231779971
rsMINI000127	A	C	0.06166487180844446	0.1	1	1252000	MINI_GENE_000127	0.5374664530979765
rsMINI000128	G	T	0.09725207623234737	0.1	1	1254000	MINI_GENE_000128	0.3307915409947331
rsMINI000129	A	G	-0.11487240341192664	0.1	1	1256000	MINI_GENE_000129	0.2506697922001298
rsMINI000130	C	T	-0.04881928890659342	0.1	1	1258000	MINI_GENE_000130	0.6254132208715356
rsMINI000131	C	T	0.03156464134935313	0.1	1	1260000	MINI_GENE_000131	0.752270904445141
rsMINI000132	C	T	0.0689692230700775	0.1	1	1262000	MINI_GENE_000132	0.4903877527191611
rsMINI000133	G	T	0.03392008298634476	0.1	1	1264000	MINI_GENE_000133	0.7344584441459416
rsMINI000134	G	T	0.13982791451592186	0.1	1	1266000	MINI_GENE_000134	0.16202925793141873
rsMINI000135	A	C	-0.037935815174232584	0.1	1	1268000	MINI_GENE_000135	0.7044219221687762
rsMINI000136	A	G	-0.08651360052202631	0.1	1	1270000	MINI_GENE_000136	0.3869641447536547
rsMINI000137	A	C	-0.03721337223482656	0.1	1	1272000	MINI_GENE_000137	0.7097932896568926
rsMINI000138	A	C	-0.06509343869760918	0.1	1	1274000	MINI_GENE_000138	0.5150888426166467
rsMINI000139	A	G	-0.02706003656696976	0.1	1	1276000	MINI_GENE_000139	0.786698414551923
rsMINI000140	C	T	-0.10583279150377947	0.1	1	1278000	MINI_GENE_000140	0.2899059706085169
rsMINI000141	A	G	-0.1309812063188535	0.1	1	1280000	MINI_GENE_000141	0.1902594212229128
rsMINI000142	C	T	0.09825791397828931	0.1	1	1282000	MINI_GENE_000142	0.325814615289636
rsMINI000143	A	G	-0.04239741889779026	0.1	1	1284000	MINI_GENE_000143	0.6715846371965575
rsMINI000144	G	T	0.012116574610315407	0.1	1	1286000	MINI_GENE_000144	0.9035597548291352
rsMINI000145	C	T	0.08362238934012045	0.1	1	1288000	MINI_GENE_000145	0.4030289590888889
rsMINI000146	A	G	-0.010280076868700373	0.1	1	1290000	MINI_GENE_000146	0.9181210951745816
rsMINI000147	A	G	0.1275449430623399	0.1	1	1292000	MINI_GENE_000147	0.20215021226916055
rsMINI000148	C	T	-0.03782217530555039	0.1	1	1294000	MINI_GENE_000148	0.7052658670464649
rsMINI000149	T	C	0.001864096154970263	0.1	1	1296000	MINI_GENE_000149	0.9851275259140124
rsMINI000150	A	G	-0.1700155784931352	0.1	1	1298000	MINI_GENE_000150	0.08910162653893854
rsMINI000151	A	G	0.007655678891104029	0.1	1	1300000	MINI_GENE_000151	0.9389761354714767
rsMINI000152	C	T	0.023900036664087597	0.1	1	1302000	MINI_GENE_000152	0.8111052984406
rsMINI000153	A	G	0.1347684303992626	0.1	1	1304000	MINI_GENE_000153	0.1777599425455661
rsMINI000154	A	C	-0.012463819401001601	0.1	1	1306000	MINI_GENE_000154	0.9008099897030896
rsMINI000155	A	C	0.05615294319016319	0.1	1	1308000	MINI_GENE_000155	0.5744366721052314
rsMINI000156	G	T	-0.043844672576757164	0.1	1	1310000	MINI_GENE_000156	0.661062480951017
rsMINI000157	G	T	-0.05434394825429132	0.1	1	1312000	MINI_GENE_000157	0.5868272475195195
rsMINI000158	C	T	0.04137641563752235	0.1	1	1314000	MINI_GENE_000158	0.6790468366180417
rsMINI000159	G	T	0.05654570630233379	0.1	1	1316000	MINI_GENE_000159	0.5717629210800257
rsMINI000160	C	T	0.0460584660194455	0.1	1	1318000	MINI_GENE_000160	0.6450966192170028
rsMINI000161	C	T	-0.08056774938065045	0.1	1	1320000	MINI_GENE_000161	0.4204288298073119
rsMINI000162	C	T	-0.04949150261440127	0.1	1	1322000	MINI_GENE_000162	0.6206601034862465
rsMINI000163	C	T	0.07128898676034122	0.1	1	1324000	MINI_GENE_000163	0.4759139095554796
rsMINI000164	A	C	0.048124406768843414	0.1	1	1326000	MINI_GENE_000164	0.6303430442706065
rsMINI000165	C	T	0.008065505040664826	0.1	1	1328000	MINI_GENE_000165	0.935716284875483
rsMINI000166	G	T	0.01906978758840974	0.1	1	1330000	MINI_GENE_000166	0.8487623029522211
rsMINI000167	A	C	-0.014903328916240589	0.1	1	1332000	MINI_GENE_000167	0.8815273653300787
rsMINI000168	G	T	-0.04424498999712624	0.1	1	1334000	MINI_GENE_000168	0.6581636766314971
rsMINI000169	C	T	0.07609795834974294	0.1	1	1336000	MINI_GENE_000169	0.44666926192441925
rsMINI000170	G	T	-0.08037802284018787	0.1	1	1338000	MINI_GENE_000170	0.4215239103475261
rsMINI000171	C	T	0.07240104512566757	0.1	1	1340000	MINI_GENE_000171	0.4690593187887079
rsMINI000172	A	C	0.17226216077757064	0.1	1	1342000	MINI_GENE_000172	0.08495697489069928
rsMINI000173	A	G	0.04443696911205711	0.1	1	1344000	MINI_GENE_000173	0.6567753227265773
rsMINI000174	A	C	-0.043691203181915016	0.1	1	1346000	MINI_GENE_000174	0.6621751458275824
rsMINI000175	A	C	-0.10118192194388083	0.1	1	1348000	MINI_GENE_000175	0.3116244987419245
rsMINI000176	C	T	0.055960956805227974	0.1	1	1350000	MINI_GENE_000176	0.575745777149741
rsMINI000177	C	T	-0.0031504958110785577	0.1	1	1352000	MINI_GENE_000177	0.9748668381086123
rsMINI000178	C	T	-0.06928153435894822	0.1	1	1354000	MINI_GENE_000178	0.48842544191365767
rsMINI000179	C	T	-0.07293854879843846	0.1	1	1356000	MINI_GENE_000179	0.4657658922734416
rsMINI000180	A	C	-0.08492165177640393	0.1	1	1358000	MINI_GENE_000180	0.3957608237168488
rsMINI000181	A	G	0.0836964045538024	0.1	1	1360000	MINI_GENE_000181	0.4026127783389287
rsMINI000182	G	T	-0.09395476804739711	0.1	1	1362000	MINI_GENE_000182	0.3474496239488823
rsMINI000183	C	T	-0.060244094862624754	0.1	1	1364000	MINI_GENE_000183	0.5468806595164823
rsMINI000184	A	G	-0.0864762801605515	0.1	1	1366000	MINI_GENE_000184	0.3871689918983553
rsMINI000185	A	G	-0.007337661184254363	0.1	1	1368000	MINI_GENE_000185	0.9415064284615895
rsMINI000186	T	G	0.08089489270480042	0.1	1	1370000	MINI_GENE_000186	0.4185445242069985
rsMINI000187	C	T	0.1226702858307073	0.1	1	1372000	MINI_GENE_000187	0.2199342930222623
rsMINI000188	A	G	0.046614183603117386	0.1	1	1374000	MINI_GENE_000188	0.6411139791882563
rsMINI000189	G	T	-0.09661040297519369	0.1	1	1376000	MINI_GENE_000189	0.33399212830050584
rsMINI000190	G	T	0.04172763926690752	0.1	1	1378000	MINI_GENE_000190	0.6764762538577065
rsMINI000191	G	T	-0.021005600917354747	0.1	1	1380000	MINI_GENE_000191	0.8336239590421265
rsMINI000192	G	T	-0.030778086403649	0.1	1	1382000	MINI_GENE_000192	0.7582490835187548
rsMINI000193	G	T	0.008778974591719812	0.1	1	1384000	MINI_GENE_000193	0.9300437878699305
rsMINI000194	G	T	0.011766414820733515	0.1	1	1386000	MINI_GENE_000194	0.9063337749768744
rsMINI000195	C	T	-0.005448838467878303	0.1	1	1388000	MINI_GENE_000195	0.9565460625262057
rsMINI000196	A	G	0.10568311943167392	0.1	1	1390000	MINI_GENE_000196	0.2905886348937876
rsMINI000197	A	G	-0.041537776641205316	0.1	1	1392000	MINI_GENE_000197	0.677865380183116
rsMINI000198	A	C	0.05323144087994302	0.1	1	1394000	MINI_GENE_000198	0.5945082543376408
rsMINI000199	A	C	-0.07618300060782553	0.1	1	1396000	MINI_GENE_000199	0.4461614691785369
rsMINI000200	G	T	-0.031443190448344496	0.1	1	1398000	MINI_GENE_000200	0.7531930277245676
rsMINI000201	A	C	-0.010173377289447347	0.1	2	1000000	MINI_GENE_000201	0.918967994316819
rsMINI000202	G	T	-0.030989197694239586	0.1	2	1002000	MINI_GENE_000202	0.7566431041580857
rsMINI000203	G	T	0.008628923843854039	0.1	2	1004000	MINI_GENE_000203	0.931236493049894
rsMINI000204	A	G	-0.05471065771004235	0.1	2	1006000	MINI_GENE_000204	0.5843055139487173
rsMINI000205	A	G	0.0009138680911058794	0.1	2	1008000	MINI_GENE_000205	0.9927084890874532
rsMINI000206	A	C	0.054196416016323835	0.1	2	1010000	MINI_GENE_000206	0.5878431958360718
rsMINI000207	A	G	0.05996802194631121	0.1	2	1012000	MINI_GENE_000207	0.5487193734279032
rsMINI000208	A	G	0.005929982257633428	0.1	2	1014000	MINI_GENE_000208	0.9527133024314218
rsMINI000209	A	G	0.0555294102696277	0.1	2	1016000	MINI_GENE_000209	0.578693511926139
rsMINI000210	A	G	0.0511665299751464	0.1	2	1018000	MINI_GENE_000210	0.6088852756701707
rsMINI000211	A	G	-0.01898419222579173	0.1	2	1020000	MINI_GENE_000211	0.8494330039966576
rsMINI000212	G	T	0.16746668575016632	0.1	2	1022000	MINI_GENE_000212	0.09399961356203454
rsMINI000213	A	G	-0.03874031475236289	0.1	2	1024000	MINI_GENE_000213	0.6984577739920897
rsMINI000214	A	G	-0.030757027599023146	0.1	2	1026000	MINI_GENE_000214	0.7584093407717334
rsMINI000215	A	G	0.009239667088732367	0.1	2	1028000	MINI_GENE_000215	0.9263828843626096
rsMINI000216	A	C	-0.0882918827219571	0.1	2	1030000	MINI_GENE_000216	0.37728013051237175
rsMINI000217	G	T	0.08955258070770478	0.1	2	1032000	MINI_GENE_000217	0.3705060765920416
rsMINI000218	G	T	0.0009305062904494815	0.1	2	1034000	MINI_GENE_000218	0.9925757411086061
rsMINI000219	A	C	-0.0730847719272839	0.1	2	1036000	MINI_GENE_000219	0.4648721724708344
rsMINI000220	A	G	0.08319643914256039	0.1	2	1038000	MINI_GENE_000220	0.40542904406737434
rsMINI000221	G	T	-0.028849769680391796	0.1	2	1040000	MINI_GENE_000221	0.7729657932880825
rsMINI000222	A	G	-0.07447433121351178	0.1	2	1042000	MINI_GENE_000222	0.45642691025560755
rsMINI000223	C	A	0.025606867137403122	0.1	2	1044000	MINI_GENE_000223	0.7978978122730942
rsMINI000224	C	T	-0.024597910975506787	0.1	2	1046000	MINI_GENE_000224	0.8056984037604189
rsMINI000225	G	T	0.006995675419395506	0.1	2	1048000	MINI_GENE_000225	0.9442280804178389
rsMINI000226	C	T	0.008323849498650669	0.1	2	1050000	MINI_GENE_000226	0.9336619043577148
rsMINI000227	C	T	0.004737577799395653	0.1	2	1052000	MINI_GENE_000227	0.9622137336989242
rsMINI000228	A	C	-0.10662598834225057	0.1	2	1054000	MINI_GENE_000228	0.2863061786848188
rsMINI000229	G	T	0.08189783561346965	0.1	2	1056000	MINI_GENE_000229	0.4127987623894027
rsMINI000230	A	C	0.0017334510077284594	0.1	2	1058000	MINI_GENE_000230	0.9861697546744849
rsMINI000231	A	T	-0.07745085809990365	0.1	2	1060000	MINI_GENE_000231	0.43863009570935924
rsMINI000232	A	C	0.18582775540313087	0.1	2	1062000	MINI_GENE_000232	0.06312960963467741
rsMINI000233	A	G	0.07466368159405122	0.1	2	1064000	MINI_GENE_000233	0.4552828189260457
rsMINI000234	G	T	0.04245627241577911	0.1	2	1066000	MINI_GENE_000234	0.6711554713307771
rsMINI000235	A	G	0.021836616298601393	0.1	2	1068000	MINI_GENE_000235	0.8271438274002115
rsMINI000236	C	T	0.02956141230120587	0.1	2	1070000	MINI_GENE_000236	0.7675247868416307
rsMINI000237	A	C	0.01854755941579474	0.1	2	1072000	MINI_GENE_000237	0.8528560211829783
rsMINI000238	A	G	0.006646429937603593	0.1	2	1074000	MINI_GENE_000238	0.9470081798073798
rsMINI000239	A	C	9.330588032011034e-06	0.1	2	1076000	MINI_GENE_000239	0.9999255526787685
rsMINI000240	A	G	-0.04609470044660353	0.1	2	1078000	MINI_GENE_000240	0.6448366272190919
rsMINI000241	G	T	0.15782802848762148	0.1	2	1080000	MINI_GENE_000241	0.11450123308872986
rsMINI000242	A	C	0.09499897579855865	0.1	2	1082000	MINI_GENE_000242	0.34211745679531813
rsMINI000243	C	T	0.0107573451267656	0.1	2	1084000	MINI_GENE_000243	0.914334057575234
rsMINI000244	G	T	0.1270377519775788	0.1	2	1086000	MINI_GENE_000244	0.20395018694202585
rsMINI000245	A	G	0.04453272418909604	0.1	2	1088000	MINI_GENE_000245	0.656083283748184
rsMINI000246	C	T	0.061011919695483974	0.1	2	1090000	MINI_GENE_000246	0.5417828508741553
rsMINI000247	A	G	-0.024272585721839907	0.1	2	1092000	MINI_GENE_000247	0.8082177751983428
rsMINI000248	C	T	0.0737823943697563	0.1	2	1094000	MINI_GENE_000248	0.46062144127848226
rsMINI000249	C	T	0.06138274183181798	0.1	2	1096000	MINI_GENE_000249	0.5393293768993369
rsMINI000250	A	G	-0.000693290330670593	0.1	2	1098000	MINI_GENE_000250	0.9944683878030358
rsMINI000251	A	G	-0.10232138519664853	0.1	2	1100000	MINI_GENE_000251	0.30620674493965594
rsMINI000252	A	C	-0.06043270159758524	0.1	2	1102000	MINI_GENE_000252	0.5456262482753789
rsMINI000253	C	T	-0.019639093675228897	0.1	2	1104000	MINI_GENE_000253	0.8443041895589309
rsMINI000254	G	T	-0.03821225240627263	0.1	2	1106000	MINI_GENE_000254	0.7023704854769661
rsMINI000255	G	T	0.028607721064847925	0.1	2	1108000	MINI_GENE_000255	0.7748189857251213
rsMINI000256	G	T	0.13007418192256673	0.1	2	1110000	MINI_GENE_000256	0.19334684271704358
rsMINI000257	A	G	0.012764649778028665	0.1	2	1112000	MINI_GENE_000257	0.8984287321804341
rsMINI000258	C	T	-0.07382769411527738	0.1	2	1114000	MINI_GENE_000258	0.46034617582333653
rsMINI000259	C	T	0.012120352735320984	0.1	2	1116000	MINI_GENE_000259	0.9035298302933565
rsMINI000260	C	A	-0.04810828941955834	0.1	2	1118000	MINI_GENE_000260	0.6304575850462744
rsMINI000261	A	C	0.08814460813907496	0.1	2	1120000	MINI_GENE_000261	0.3780764253642044
rsMINI000262	C	T	-0.14712453408909196	0.1	2	1122000	MINI_GENE_000262	0.1412247793072578
rsMINI000263	C	T	-0.06328281548137356	0.1	2	1124000	MINI_GENE_000263	0.526845868741534
rsMINI000264	G	T	-0.05381133604166503	0.1	2	1126000	MINI_GENE_000264	0.5904987892332814
rsMINI000265	G	T	0.017510206618824253	0.1	2	1128000	MINI_GENE_000265	0.860999434771031
rsMINI000266	A	G	-0.11279959009116025	0.1	2	1130000	MINI_GENE_000266	0.25932165028660853
rsMINI000267	G	T	0.06452902337246072	0.1	2	1132000	MINI_GENE_000267	0.5187391204402603
rsMINI000268	G	T	0.07976805774388916	0.1	2	1134000	MINI_GENE_000268	0.42505587774596987
rsMINI000269	A	G	-0.12457091818828939	0.1	2	1136000	MINI_GENE_000269	0.2128711815070022
rsMINI000270	A	G	0.1283525829262313	0.1	2	1138000	MINI_GENE_000270	0.19930791636814865
rsMINI000271	G	T	0.08611631825878455	0.1	2	1140000	MINI_GENE_000271	0.38914817455161727
rsMINI000272	C	T	0.00030169631351000816	0.1	2	1142000	MINI_GENE_000272	0.9975928153457186
rsMINI000273	A	G	-0.043685699233840726	0.1	2	1144000	MINI_GENE_000273	0.6622150637484738
rsMINI000274	A	C	-0.0192373744250027	0.1	2	1146000	MINI_GENE_000274	0.8474494573330411
rsMINI000275	C	T	-0.07820891356500714	0.1	2	1148000	MINI_GENE_000275	0.43416219116417276
rsMINI000276	A	G	0.04261427028442488	0.1	2	1150000	MINI_GENE_000276	0.6700038653720067
rsMINI000277	G	T	0.0396659163808972	0.1	2	1152000	MINI_GENE_000277	0.6916188174883507
rsMINI000278	A	G	-0.03834305287654584	0.1	2	1154000	MINI_GENE_000278	0.7014005711166186
rsMINI000279	G	T	-0.061435523048198264	0.1	2	1156000	MINI_GENE_000279	0.5389806130538
rsMINI000280	A	C	-0.044609950769342634	0.1	2	1158000	MINI_GENE_000280	0.6555253684164157
rsMINI000281	G	T	-0.045155339174397555	0.1	2	1160000	MINI_GENE_000281	0.6515907532033332
rsMINI000282	C	T	-0.02755657247553747	0.1	2	1162000	MINI_GENE_000282	0.7828816383497811
rsMINI000283	G	T	0.11916505804941041	0.1	2	1164000	MINI_GENE_000283	0.233398283249455
rsMINI000284	C	T	-0.02239930263659657	0.1	2	1166000	MINI_GENE_000284	0.822762729536084
rsMINI000285	G	T	-0.06867966645409851	0.1	2	1168000	MINI_GENE_000285	0.4922108719737853
rsMINI000286	A	G	-0.09222309128103938	0.1	2	1170000	MINI_GENE_000286	0.35640814184436515
rsMINI000287	C	T	-0.019683468909614137	0.1	2	1172000	MINI_GENE_000287	0.8439569041440748
rsMINI000288	A	C	-0.0857127885957308	0.1	2	1174000	MINI_GENE_000288	0.39137421129361094
rsMINI000289	A	G	-0.0861512470267349	0.1	2	1176000	MINI_GENE_000289	0.3889558560039533
rsMINI000290	G	T	0.0345594403542751	0.1	2	1178000	MINI_GENE_000290	0.7296475524383352
rsMINI000291	A	G	0.029327165147253254	0.1	2	1180000	MINI_GENE_000291	0.769314520325479
rsMINI000292	G	T	-0.09731329221301886	0.1	2	1182000	MINI_GENE_000292	0.3304872434511406
rsMINI000293	A	G	-0.015665996831784917	0.1	2	1184000	MINI_GENE_000293	0.8755128380883583
rsMINI000294	C	T	0.04144220142194629	0.1	2	1186000	MINI_GENE_000294	0.6785650694436995
rsMINI000295	A	C	0.2915028670604047	0.1	2	1188000	MINI_GENE_000295	0.0035565586803812613
rsMINI000296	A	G	-0.05530536511569703	0.1	2	1190000	MINI_GENE_000296	0.5802266728769188
rsMINI000297	C	A	-0.12804895006242473	0.1	2	1192000	MINI_GENE_000297	0.2003730349834292
rsMINI000298	A	C	0.0505435032481043	0.1	2	1194000	MINI_GENE_000298	0.6132533185054023
rsMINI000299	C	T	-0.0016653440351521776	0.1	2	1196000	MINI_GENE_000299	0.9867130912208453
rsMINI000300	A	C	0.034540671017837636	0.1	2	1198000	MINI_GENE_000300	0.729788633258573
rsMINI000301	G	T	0.05635433776479323	0.1	2	1200000	MINI_GENE_000301	0.5730649310391607
rsMINI000302	C	T	-0.08448233700160415	0.1	2	1202000	MINI_GENE_000302	0.398209464343937
rsMINI000303	G	T	-0.041301251486020256	0.1	2	1204000	MINI_GENE_000303	0.6795974446451083
rsMINI000304	G	T	-0.1439134369635262	0.1	2	1206000	MINI_GENE_000304	0.1501124558214837
rsMINI000305	A	G	0.0685617658119216	0.1	2	1208000	MINI_GENE_000305	0.49295424340698235
rsMINI000306	G	T	0.1387497092901913	0.1	2	1210000	MINI_GENE_000306	0.16529023696998713
rsMINI000307	G	T	-0.05865844361185507	0.1	2	1212000	MINI_GENE_000307	0.5574828380595128
rsMINI000308	A	C	-0.0022636011214630437	0.1	2	1214000	MINI_GENE_000308	0.9819406183849467
rsMINI000309	C	T	0.038606324383991836	0.1	2	1216000	MINI_GENE_000309	0.6994498307427248
rsMINI000310	A	G	0.017182998439450047	0.1	2	1218000	MINI_GENE_000310	0.8635711919698712
rsMINI000311	A	G	0.042578964028199454	0.1	2	1220000	MINI_GENE_000311	0.670261136454545
rsMINI000312	A	C	0.04803063217146001	0.1	2	1222000	MINI_GENE_000312	0.6310095943807373
rsMINI000313	C	T	-0.0683038356987292	0.1	2	1224000	MINI_GENE_000313	0.4945826053590496
rsMINI000314	A	C	0.117268730180416	0.1	2	1226000	MINI_GENE_000314	0.24092122543320368
rsMINI000315	A	G	0.09126556900713693	0.1	2	1228000	MINI_GENE_000315	0.3614236549697255
rsMINI000316	A	C	0.08173526923451237	0.1	2	1230000	MINI_GENE_000316	0.413726902493534
rsMINI000317	C	T	-0.0192454665966646	0.1	2	1232000	MINI_GENE_000317	0.8473860753742191
rsMINI000318	A	C	-0.08759012103795343	0.1	2	1234000	MINI_GENE_000318	0.38108374148182356
rsMINI000319	A	G	0.17478925278786556	0.1	2	1236000	MINI_GENE_000319	0.08048263896311496
rsMINI000320	G	T	-0.054968882217969334	0.1	2	1238000	MINI_GENE_000320	0.5825328248811728
rsMINI000321	A	G	0.08715629484288617	0.1	2	1240000	MINI_GENE_000321	0.38344685109456433
rsMINI000322	C	T	0.06188239738972756	0.1	2	1242000	MINI_GENE_000322	0.5360323269586542
rsMINI000323	A	G	0.03427029417031398	0.1	2	1244000	MINI_GENE_000323	0.7318219494431035
rsMINI000324	G	T	0.09929041318442788	0.1	2	1246000	MINI_GENE_000324	0.3207566760293928
rsMINI000325	A	G	-0.07454423678433408	0.1	2	1248000	MINI_GENE_000325	0.45600433928761014
rsMINI000326	C	T	-0.013925055952194565	0.1	2	1250000	MINI_GENE_000326	0.8892521569287775
rsMINI000327	C	T	0.01945950895367056	0.1	2	1252000	MINI_GENE_000327	0.8457099475546008
rsMINI000328	C	T	0.03412642303052731	0.1	2	1254000	MINI_GENE_000328	0.73290467338585
rsMINI000329	A	G	-0.043936041092098733	0.1	2	1256000	MINI_GENE_000329	0.6604004075091694
rsMINI000330	C	T	-0.009840129083143074	0.1	2	1258000	MINI_GENE_000330	0.9216136497208499
rsMINI000331	A	G	0.0838930360803782	0.1	2	1260000	MINI_GENE_000331	0.40150838937348804
rsMINI000332	C	T	0.006867128050935201	0.1	2	1262000	MINI_GENE_000332	0.9452512790545512
rsMINI000333	A	G	-0.14611602200175727	0.1	2	1264000	MINI_GENE_000333	0.14397147707922037
rsMINI000334	C	A	-0.03410843733016381	0.1	2	1266000	MINI_GENE_000334	0.7330400649161001
rsMINI000335	C	T	-0.06849989134675492	0.1	2	1268000	MINI_GENE_000335	0.493344606606155
rsMINI000336	G	T	-0.11351967355968838	0.1	2	1270000	MINI_GENE_000336	0.2562928969721983
rsMINI000337	A	G	0.058423515081131354	0.1	2	1272000	MINI_GENE_000337	0.5590621153643225
rsMINI000338	G	T	-0.04099933550796605	0.1	2	1274000	MINI_GENE_000338	0.6818108220211431
rsMINI000339	C	T	-0.07795229916257333	0.1	2	1276000	MINI_GENE_000339	0.4356716993278087
rsMINI000340	A	G	0.01595041576018968	0.1	2	1278000	MINI_GENE_000340	0.8732716829612284
rsMINI000341	G	T	0.03630035750889661	0.1	2	1280000	MINI_GENE_000341	0.7166022137008374
rsMINI000342	A	C	-0.01190552867133935	0.1	2	1282000	MINI_GENE_000342	0.9052315547457874
rsMINI000343	A	G	0.04148694997214443	0.1	2	1284000	MINI_GENE_000343	0.6782374386884902
rsMINI000344	A	G	-0.0667671313374965	0.1	2	1286000	MINI_GENE_000344	0.5043434253284551
rsMINI000345	A	G	-0.1047842797102077	0.1	2	1288000	MINI_GENE_000345	0.2947110409201853
rsMINI000346	A	G	0.12929195418520356	0.1	2	1290000	MINI_GENE_000346	0.19603888795150765
rsMINI000347	A	G	0.007813589338015757	0.1	2	1292000	MINI_GENE_000347	0.937719955671702
rsMINI000348	A	G	-0.010664379154263456	0.1	2	1294000	MINI_GENE_000348	0.9150715760330796
rsMINI000349	G	T	0.1432676787087062	0.1	2	1296000	MINI_GENE_000349	0.15195022623760668
rsMINI000350	G	T	0.09269323775186532	0.1	2	1298000	MINI_GENE_000350	0.3539616453358578
rsMINI000351	C	T	-0.07514236266926705	0.1	2	1300000	MINI_GENE_000351	0.4523977480464545
rsMINI000352	A	C	0.04191905959668697	0.1	2	1302000	MINI_GENE_000352	0.6750768443085091
rsMINI000353	C	T	0.10455244178827224	0.1	2	1304000	MINI_GENE_000353	0.2957806612043134
rsMINI000354	G	T	0.08547153700745105	0.1	2	1306000	MINI_GENE_000354	0.3927087394702021
rsMINI000355	A	C	-0.10770821401358209	0.1	2	1308000	MINI_GENE_000355	0.2814435712000066
rsMINI000356	A	G	-0.01634280477717667	0.1	2	1310000	MINI_GENE_000356	0.8701814208178185
rsMINI000357	A	C	0.04965719293400851	0.1	2	1312000	MINI_GENE_000357	0.6194909522122252
rsMINI000358	A	C	-0.09908202712038017	0.1	2	1314000	MINI_GENE_000358	0.3217733490802867
rsMINI000359	C	T	-0.05159834958422049	0.1	2	1316000	MINI_GENE_000359	0.6058659362781129
rsMINI000360	A	C	-0.015450919734714536	0.1	2	1318000	MINI_GENE_000360	0.8772082598672083
rsMINI000361	A	C	-0.14308698401304304	0.1	2	1320000	MINI_GENE_000361	0.15246752227416585
rsMINI000362	A	C	0.06406036847327028	0.1	2	1322000	MINI_GENE_000362	0.5217802049648365
rsMINI000363	A	G	0.10324766597407056	0.1	2	1324000	MINI_GENE_000363	0.3018488761319825
rsMINI000364	G	T	0.07171601008916786	0.1	2	1326000	MINI_GENE_000364	0.473275315100483
rsMINI000365	A	C	-0.08078632182546375	0.1	2	1328000	MINI_GENE_000365	0.41916932743167934
rsMINI000366	A	G	-0.04813486816370315	0.1	2	1330000	MINI_GENE_000366	0.6302687032836223
rsMINI000367	A	C	0.06603971539811286	0.1	2	1332000	MINI_GENE_000367	0.5089989980750887
rsMINI000368	A	C	-0.09178801607404367	0.1	2	1334000	MINI_GENE_000368	0.35868160923450043
rsMINI000369	C	T	-0.12179737911551664	0.1	2	1336000	MINI_GENE_000369	0.2232339325705417
rsMINI000370	C	T	-0.06186649561338347	0.1	2	1338000	MINI_GENE_000370	0.5361371005978595
rsMINI000371	T	G	-0.05797677680587682	0.1	2	1340000	MINI_GENE_000371	0.5620712362491048
rsMINI000372	G	T	-0.013706210578487758	0.1	2	1342000	MINI_GENE_000372	0.8909817049306917
rsMINI000373	C	T	-0.06792617602295786	0.1	2	1344000	MINI_GENE_000373	0.49697202116420464
rsMINI000374	A	G	0.05263401800652665	0.1	2	1346000	MINI_GENE_000374	0.5986518705669608
rsMINI000375	A	C	-0.0630351313946526	0.1	2	1348000	MINI_GENE_000375	0.5284647569162177
rsMINI000376	A	G	0.014739900637140086	0.1	2	1350000	MINI_GENE_000376	0.8828170897575759
rsMINI000377	A	C	0.033661452698718806	0.1	2	1352000	MINI_GENE_000377	0.7364075037382911
rsMINI000378	C	T	0.19625236264057097	0.1	2	1354000	MINI_GENE_000378	0.04970155268334989
rsMINI000379	A	G	0.047726775694998703	0.1	2	1356000	MINI_GENE_000379	0.6331714677001979
rsMINI000380	A	G	0.02957098213906903	0.1	2	1358000	MINI_GENE_000380	0.7674516960782947
rsMINI000381	G	T	-0.10064379490599543	0.1	2	1360000	MINI_GENE_000381	0.3142049464029492
rsMINI000382	G	T	-0.028967730978728526	0.1	2	1362000	MINI_GENE_000382	0.7720631165656149
rsMINI000383	G	T	-0.003749797495857274	0.1	2	1364000	MINI_GENE_000383	0.9700879547618572
rsMINI000384	C	T	0.007505233434466413	0.1	2	1366000	MINI_GENE_000384	0.9401730724862479
rsMINI000385	C	T	-0.029179464284172514	0.1	2	1368000	MINI_GENE_000385	0.7704436414793006
rsMINI000386	A	C	0.007916055100254171	0.1	2	1370000	MINI_GENE_000386	0.9369049218256449
rsMINI000387	A	G	-0.020358948907842456	0.1	2	1372000	MINI_GENE_000387	0.8386743076199707
rsMINI000388	G	T	0.14055565384584093	0.1	2	1374000	MINI_GENE_000388	0.15985584938303946
rsMINI000389	A	G	-0.020541847995994608	0.1	2	1376000	MINI_GENE_000389	0.8372451832073758
rsMINI000390	C	T	-0.04137548954798104	0.1	2	1378000	MINI_GENE_000390	0.6790536195599359
rsMINI000391	G	T	0.07944877152246713	0.1	2	1380000	MINI_GENE_000391	0.4269115578617791
rsMINI000392	A	C	0.03507440812410511	0.1	2	1382000	MINI_GENE_000392	0.7257803518019574
rsMINI000393	A	G	0.04479291897907755	0.1	2	1384000	MINI_GENE_000393	0.6542043012673868
rsMINI000394	A	C	-0.030642478407644332	0.1	2	1386000	MINI_GENE_000394	0.7592812403884772
rsMINI000395	A	G	0.00902242079486412	0.1	2	1388000	MINI_GENE_000395	0.9281090476158029
rsMINI000396	C	T	0.15020561690721002	0.1	2	1390000	MINI_GENE_000396	0.13308260328717494
rsMINI000397	A	G	0.023197787536513616	0.1	2	1392000	MINI_GENE_000397	0.8165551980112906
rsMINI000398	G	T	-0.17639496439694163	0.1	2	1394000	MINI_GENE_000398	0.07774045760787503
rsMINI000399	A	C	-0.0514304045067597	0.1	2	1396000	MINI_GENE_000399	0.6070394340398755
rsMINI000400	C	T	0.0008224944232382195	0.1	2	1398000	MINI_GENE_000400	0.9934375179752661
rsMINI000401	A	C	0.05798424713274435	0.1	3	1000000	MINI_GENE_000401	0.5620208536677482
rsMINI000402	A	C	0.01122139024204645	0.1	3	1002000	MINI_GENE_000402	0.9106538062543581
rsMINI000403	A	G	0.01958326419265462	0.1	3	1004000	MINI_GENE_000403	0.8447411601529697
rsMINI000404	A	C	0.05403599695925006	0.1	3	1006000	MINI_GENE_000404	0.58894880857193
rsMINI000405	C	T	-0.13707528034599092	0.1	3	1008000	MINI_GENE_000405	0.17045202813457347
rsMINI000406	A	G	-0.07030741125281685	0.1	3	1010000	MINI_GENE_000406	0.48200956412356455
rsMINI000407	C	T	-0.008696678903503383	0.1	3	1012000	MINI_GENE_000407	0.9306979105687871
rsMINI000408	G	A	-0.08420313467451708	0.1	3	1014000	MINI_GENE_000408	0.39977040748920717
rsMINI000409	C	T	0.02206706090200369	0.1	3	1016000	MINI_GENE_000409	0.8253489179212788
rsMINI000410	C	T	-0.05566713887176542	0.1	3	1018000	MINI_GENE_000410	0.5777519685893394
rsMINI000411	A	C	0.002878379896189487	0.1	3	1020000	MINI_GENE_000411	0.977037022082466
rsMINI000412	G	T	0.03130443406463631	0.1	3	1022000	MINI_GENE_000412	0.7542469749146122
rsMINI000413	A	G	0.048325493375147764	0.1	3	1024000	MINI_GENE_000413	0.6289147345465598
rsMINI000414	A	C	-0.07486863095689489	0.1	3	1026000	MINI_GENE_000414	0.45404629715343614
rsMINI000415	A	C	-0.09625029245804767	0.1	3	1028000	MINI_GENE_000415	0.33579703482209805
rsMINI000416	C	T	-0.027494211051218506	0.1	3	1030000	MINI_GENE_000416	0.7833607138713151
rsMINI000417	G	T	0.045439838854483605	0.1	3	1032000	MINI_GENE_000417	0.6495421120038153
rsMINI000418	A	C	-0.05923586118974655	0.1	3	1034000	MINI_GENE_000418	0.5536104750169566
rsMINI000419	G	T	-0.0005657774922982917	0.1	3	1036000	MINI_GENE_000419	0.9954857728241829
rsMINI000420	G	T	0.03866289482719989	0.1	3	1038000	MINI_GENE_000420	0.6990309238341308
rsMINI000421	G	T	-0.051679561234932204	0.1	3	1040000	MINI_GENE_000421	0.6052988432545718
rsMINI000422	G	T	-0.010415391716147013	0.1	3	1042000	MINI_GENE_000422	0.9170472037763333
rsMINI000423	A	C	-0.07731536092338798	0.1	3	1044000	MINI_GENE_000423	0.43943147730313775
rsMINI000424	A	C	-0.16636880917466468	0.1	3	1046000	MINI_GENE_000424	0.0961747772447396
rsMINI000425	A	C	-0.16124177145312069	0.1	3	1048000	MINI_GENE_000425	0.10687107260589511
rsMINI000426	C	T	-0.06938599936830293	0.1	3	1050000	MINI_GENE_000426	0.4877700146512554
rsMINI000427	A	C	0.03880689825259769	0.1	3	1052000	MINI_GENE_000427	0.697964985086369
rsMINI000428	A	C	-0.11159788334106224	0.1	3	1054000	MINI_GENE_000428	0.26443119503483303
rsMINI000429	C	T	-0.08399620785561898	0.1	3	1056000	MINI_GENE_000429	0.4009296489436799
rsMINI000430	A	C	-0.1263754066988961	0.1	3	1058000	MINI_GENE_000430	0.20631831239645024
rsMINI000431	G	T	0.0378502794673468	0.1	3	1060000	MINI_GENE_000431	0.7050571180817238
rsMINI000432	C	T	0.10221326180756632	0.1	3	1062000	MINI_GENE_000432	0.30671813699941
rsMINI000433	G	T	-0.030845765796263903	0.1	3	1064000	MINI_GENE_000433	0.7577341145085631
rsMINI000434	C	T	-0.03182842697168261	0.1	3	1066000	MINI_GENE_000434	0.750269315328647
rsMINI000435	A	G	0.05924162620184156	0.1	3	1068000	MINI_GENE_000435	0.553571879367789
rsMINI000436	C	T	-0.011762209594163867	0.1	3	1070000	MINI_GENE_000436	0.9063670964477808
rsMINI000437	A	G	0.07206695412065675	0.1	3	1072000	MINI_GENE_000437	0.47111285672833825
rsMINI000438	C	T	0.06297165032506734	0.1	3	1074000	MINI_GENE_000438	0.5288800830648606
rsMINI000439	A	G	0.10443303363590646	0.1	3	1076000	MINI_GENE_000439	0.29633258203343
rsMINI000440	A	C	0.04229642590801458	0.1	3	1078000	MINI_GENE_000440	0.6723213379083606
rsMINI000441	C	T	-0.031594990941755066	0.1	3	1080000	MINI_GENE_000441	0.7520405284847034
rsMINI000442	A	T	0.09841027431899858	0.1	3	1082000	MINI_GENE_000442	0.3250649982881797
rsMINI000443	A	G	0.023627864108851822	0.1	3	1084000	MINI_GENE_000443	0.8132164597140243
rsMINI000444	A	C	0.07633635899419954	0.1	3	1086000	MINI_GENE_000444	0.44524658787125826
rsMINI000445	T	G	0.0695675461408769	0.1	3	1088000	MINI_GENE_000445	0.4866320962683732
rsMINI000446	G	T	-0.018558531077983033	0.1	3	1090000	MINI_GENE_000446	0.8527699737449166
rsMINI000447	G	T	0.08957491698135456	0.1	3	1092000	MINI_GENE_000447	0.3703867430481005
rsMINI000448	A	G	-0.008847650808458002	0.1	3	1094000	MINI_GENE_000448	0.9294979549366198
rsMINI000449	G	T	0.08150492138167509	0.1	3	1096000	MINI_GENE_000449	0.4150441402821384
rsMINI000450	G	T	-0.12480737526798041	0.1	3	1098000	MINI_GENE_000450	0.21200404933365494
rsMINI000451	A	G	0.013549177006623331	0.1	3	1100000	MINI_GENE_000451	0.8922230707922206
rsMINI000452	A	G	0.010594896709676619	0.1	3	1102000	MINI_GENE_000452	0.915622842547874
rsMINI000453	G	T	0.05676679873649454	0.1	3	1104000	MINI_GENE_000453	0.5702604327147979
rsMINI000454	G	T	0.08179498563622557	0.1	3	1106000	MINI_GENE_000454	0.4133858202435737
rsMINI000455	A	G	0.05673295539993637	0.1	3	1108000	MINI_GENE_000455	0.5704903014518832
rsMINI000456	A	C	0.07702652103331936	0.1	3	1110000	MINI_GENE_000456	0.4411425887617703
rsMINI000457	A	G	0.22720315908106636	0.1	3	1112000	MINI_GENE_000457	0.023084602346995962
rsMINI000458	C	T	-0.09889260131433526	0.1	3	1114000	MINI_GENE_000458	0.3226993421417203
rsMINI000459	G	T	0.17517666379948588	0.1	3	1116000	MINI_GENE_000459	0.07981394304815316
rsMINI000460	A	G	0.03160531671255824	0.1	3	1118000	MINI_GENE_000460	0.7519621532460492
rsMINI000461	A	G	0.05645684505302905	0.1	3	1120000	MINI_GENE_000461	0.5723673295033347
rsMINI000462	G	T	0.08035261304482616	0.1	3	1122000	MINI_GENE_000462	0.42167069980042216
rsMINI000463	A	G	0.14628363966999153	0.1	3	1124000	MINI_GENE_000463	0.14351215119376642
rsMINI000464	G	T	0.03470803142985073	0.1	3	1126000	MINI_GENE_000464	0.7285309822319438
rsMINI000465	G	T	0.037722479298931515	0.1	3	1128000	MINI_GENE_000465	0.7060065568297091
rsMINI000466	A	C	0.02516417726209093	0.1	3	1130000	MINI_GENE_000466	0.8013179674715973
rsMINI000467	G	T	-0.10287979834022554	0.1	3	1132000	MINI_GENE_000467	0.3035746145632203
rsMINI000468	C	T	0.14104525343621263	0.1	3	1134000	MINI_GENE_000468	0.15840610254039733
rsMINI000469	A	G	0.029517979066805696	0.1	3	1136000	MINI_GENE_000469	0.7678565392622705
rsMINI000470	A	C	-0.0352461143944117	0.1	3	1138000	MINI_GENE_000470	0.7244924537899535
rsMINI000471	A	G	-0.07462801130809352	0.1	3	1140000	MINI_GENE_000471	0.45549822212901486
rsMINI000472	A	C	-0.02249722898484082	0.1	3	1142000	MINI_GENE_000472	0.8220008312087419
rsMINI000473	A	G	0.005658595813243264	0.1	3	1144000	MINI_GENE_000473	0.9548750204087173
rsMINI000474	G	T	0.01112515199430001	0.1	3	1146000	MINI_GENE_000474	0.9114168981525287
rsMINI000475	A	C	0.26059184640237787	0.1	3	1148000	MINI_GENE_000475	0.009162827071608435
rsMINI000476	A	G	-0.034637782039710414	0.1	3	1150000	MINI_GENE_000476	0.7290587914168085
rsMINI000477	A	C	0.017526957390622374	0.1	3	1152000	MINI_GENE_000477	0.8608678181858511
rsMINI000478	A	G	-0.045887370195678484	0.1	3	1154000	MINI_GENE_000478	0.6463248646547974
rsMINI000479	G	T	-0.0497741645154751	0.1	3	1156000	MINI_GENE_000479	0.6186661511061504
rsMINI000480	A	G	0.08772087761385952	0.1	3	1158000	MINI_GENE_000480	0.3803732501188768
rsMINI000481	A	C	0.003788620921137265	0.1	3	1160000	MINI_GENE_000481	0.9697784086107815
rsMINI000482	G	A	-0.01106204501537654	0.1	3	1162000	MINI_GENE_000482	0.9119173301358235
rsMINI000483	C	T	0.026025073720432806	0.1	3	1164000	MINI_GENE_000483	0.7946703695632464
rsMINI000484	A	C	0.03604689058005898	0.1	3	1166000	MINI_GENE_000484	0.7184965054682553
rsMINI000485	A	G	0.11540078858392833	0.1	3	1168000	MINI_GENE_000485	0.24849693591282737
rsMINI000486	A	G	0.01871967765092908	0.1	3	1170000	MINI_GENE_000486	0.8515063521394423
rsMINI000487	A	G	-0.035387046224140795	0.1	3	1172000	MINI_GENE_000487	0.7234359642651121
rsMINI000488	G	T	0.0745872503547907	0.1	3	1174000	MINI_GENE_000488	0.45574443670224357
rsMINI000489	G	T	-0.013200926684206872	0.1	3	1176000	MINI_GENE_000489	0.8949769620186934
rsMINI000490	A	G	0.016406165805256775	0.1	3	1178000	MINI_GENE_000490	0.8696826052075168
rsMINI000491	G	T	-0.014246509963772067	0.1	3	1180000	MINI_GENE_000491	0.8867126446016029
rsMINI000492	G	T	0.07120184144130107	0.1	3	1182000	MINI_GENE_000492	0.4764533731661066
rsMINI000493	C	T	0.08249339020378783	0.1	3	1184000	MINI_GENE_000493	0.4094091177190634
rsMINI000494	G	T	-0.0032543293241486084	0.1	3	1186000	MINI_GENE_000494	0.974038791284431
rsMINI000495	A	C	-0.03862046045633081	0.1	3	1188000	MINI_GENE_000495	0.6993451438534413
rsMINI000496	C	T	-0.044009970909104836	0.1	3	1190000	MINI_GENE_000496	0.6598648926254955
rsMINI000497	G	T	0.01223586927130398	0.1	3	1192000	MINI_GENE_000497	0.9026149510751602
rsMINI000498	C	T	-0.08876346027914105	0.1	3	1194000	MINI_GENE_000498	0.3747373341417772
rsMINI000499	A	C	-0.039075845749127466	0.1	3	1196000	MINI_GENE_000499	0.6959757844587267
rsMINI000500	A	C	-0.018332327046643938	0.1	3	1198000	MINI_GENE_000500	0.8545443766029032
rsMINI000501	A	G	-0.010940485409996759	0.1	3	1200000	MINI_GENE_000501	0.912881383846429
rsMINI000502	C	T	-0.14170479715109643	0.1	3	1202000	MINI_GENE_000502	0.1564689025288903
rsMINI000503	G	T	0.14623014983816873	0.1	3	1204000	MINI_GENE_000503	0.14365860812012934
rsMINI000504	G	T	0.11052486553449242	0.1	3	1206000	MINI_GENE_000504	0.26905185929664455
rsMINI000505	G	T	-0.12550163033226713	0.1	3	1208000	MINI_GENE_000505	0.20947284163268184
rsMINI000506	G	T	0.08206110586951094	0.1	3	1210000	MINI_GENE_000506	0.41186784656118075
rsMINI000507	C	T	-0.02868724518249552	0.1	3	1212000	MINI_GENE_000507	0.7742099845824683
rsMINI000508	A	C	-0.04161288552189308	0.1	3	1214000	MINI_GENE_000508	0.6773157162193908
rsMINI000509	G	T	0.10343855570151535	0.1	3	1216000	MINI_GENE_000509	0.3009559536767254
rsMINI000510	A	G	-0.0047216134778819896	0.1	3	1218000	MINI_GENE_000510	0.9623409681699021
rsMINI000511	A	G	0.12689994768845958	0.1	3	1220000	MINI_GENE_000511	0.2044412506305112
rsMINI000512	A	C	0.02647745337567914	0.1	3	1222000	MINI_GENE_000512	0.7911831560464587
rsMINI000513	A	G	-0.0027684312590965324	0.1	3	1224000	MINI_GENE_000513	0.9779139356477818
rsMINI000514	G	T	-0.03652669730996937	0.1	3	1226000	MINI_GENE_000514	0.7149121293457468
rsMINI000515	A	G	0.009668740902012552	0.1	3	1228000	MINI_GENE_000515	0.9229746391258576
rsMINI000516	A	C	-0.1570343179943795	0.1	3	1230000	MINI_GENE_000516	0.11633529366600083
rsMINI000517	A	C	0.061740033815304685	0.1	3	1232000	MINI_GENE_000517	0.5369706990330156
rsMINI000518	A	G	-0.05370765676876554	0.1	3	1234000	MINI_GENE_000518	0.5912147259334507
rsMINI000519	T	C	0.009276879908041767	0.1	3	1236000	MINI_GENE_000519	0.9260872388156679
rsMINI000520	C	T	0.04632896297804522	0.1	3	1238000	MINI_GENE_000520	0.6431567780186753
rsMINI000521	G	T	-0.005169948920972656	0.1	3	1240000	MINI_GENE_000521	0.9587681442486954
rsMINI000522	A	G	-0.09797964007614429	0.1	3	1242000	MINI_GENE_000522	0.32718662913034263
rsMINI000523	A	C	-0.12695567070373032	0.1	3	1244000	MINI_GENE_000523	0.20424257895844775
rsMINI000524	C	T	-0.027785666117468695	0.1	3	1246000	MINI_GENE_000524	0.7811223936765904
rsMINI000525	C	T	0.04293698731925491	0.1	3	1248000	MINI_GENE_000525	0.667654074644745
rsMINI000526	A	G	-0.11201876400798423	0.1	3	1250000	MINI_GENE_000526	0.2626338098640542
rsMINI000527	G	T	0.07262295772045581	0.1	3	1252000	MINI_GENE_000527	0.46769804287236016
rsMINI000528	C	T	-0.07189226470513092	0.1	3	1254000	MINI_GENE_000528	0.4721885816932675
rsMINI000529	G	T	-0.14488824048623858	0.1	3	1256000	MINI_GENE_000529	0.14737042565653496
rsMINI000530	A	G	-0.0323992248030371	0.1	3	1258000	MINI_GENE_000530	0.7459439031405073
rsMINI000531	A	C	0.0459042029691038	0.1	3	1260000	MINI_GENE_000531	0.6462039844075553
rsMINI000532	A	G	-0.05875679554545139	0.1	3	1262000	MINI_GENE_000532	0.5568223251366081
rsMINI000533	G	T	-0.048646527737099245	0.1	3	1264000	MINI_GENE_000533	0.62663731816176
rsMINI000534	A	C	0.03302301756349622	0.1	3	1266000	MINI_GENE_000534	0.7412260477041851
rsMINI000535	C	T	-0.17744784569892114	0.1	3	1268000	MINI_GENE_000535	0.07598404242462635
rsMINI000536	G	T	-0.023731953089602017	0.1	3	1270000	MINI_GENE_000536	0.8124089113784128
rsMINI000537	A	G	-0.05235031680333634	0.1	3	1272000	MINI_GENE_000537	0.6006241469880857
rsMINI000538	C	T	0.05858229990496441	0.1	3	1274000	MINI_GENE_000538	0.5579944665515644
rsMINI000539	C	T	-0.09103192953790995	0.1	3	1276000	MINI_GENE_000539	0.3626541455007602
rsMINI000540	C	T	-0.1118444678216059	0.1	3	1278000	MINI_GENE_000540	0.26337712159431675
rsMINI000541	C	T	0.07890915587899032	0.1	3	1280000	MINI_GENE_000541	0.4300584952081635
rsMINI000542	C	T	-0.05801579891109981	0.1	3	1282000	MINI_GENE_000542	0.5618080811596771
rsMINI000543	A	C	0.07906390971559663	0.1	3	1284000	MINI_GENE_000543	0.429154624988113
rsMINI000544	C	T	0.17092470050696265	0.1	3	1286000	MINI_GENE_000544	0.08740520523662818
rsMINI000545	A	C	-0.05953539517134463	0.1	3	1288000	MINI_GENE_000545	0.5516068992856875
rsMINI000546	G	T	0.010450262358176744	0.1	3	1290000	MINI_GENE_000546	0.9167704863638407
rsMINI000547	G	T	-0.061420718707533385	0.1	3	1292000	MINI_GENE_000547	0.5390784246816347
rsMINI000548	A	G	-0.02515177117957408	0.1	3	1294000	MINI_GENE_000548	0.8014138702002221
rsMINI000549	A	C	0.08250392022465541	0.1	3	1296000	MINI_GENE_000549	0.4093493346411745
rsMINI000550	G	T	0.1533768431751923	0.1	3	1298000	MINI_GENE_000550	0.12508663178847837
rsMINI000551	A	C	0.09337393320711777	0.1	3	1300000	MINI_GENE_000551	0.35043837086627044
rsMINI000552	G	T	-0.025258092141624222	0.1	3	1302000	MINI_GENE_000552	0.8005920745772956
rsMINI000553	A	G	0.0022228787647518206	0.1	3	1304000	MINI_GENE_000553	0.982265454038726
rsMINI000554	A	C	0.018032626150873327	0.1	3	1306000	MINI_GENE_000554	0.8568964398958324
rsMINI000555	A	C	-0.02283373620769662	0.1	3	1308000	MINI_GENE_000555	0.81938398090032
rsMINI000556	G	A	0.15379164729585115	0.1	3	1310000	MINI_GENE_000556	0.12406903900008749
rsMINI000557	A	G	-0.041920696818756896	0.1	3	1312000	MINI_GENE_000557	0.6750648799647072
rsMINI000558	G	T	-0.003804442496259436	0.1	3	1314000	MINI_GENE_000558	0.9696522616504303
rsMINI000559	G	T	0.044918761939383815	0.1	3	1316000	MINI_GENE_000559	0.6532963178194278
rsMINI000560	A	G	0.023359866284144305	0.1	3	1318000	MINI_GENE_000560	0.8152965659288819
rsMINI000561	G	T	0.08825402054986582	0.1	3	1320000	MINI_GENE_000561	0.37748474763847434
rsMINI000562	A	C	0.07490777589178353	0.1	3	1322000	MINI_GENE_000562	0.4538103394363795
rsMINI000563	C	T	0.04206091687497278	0.1	3	1324000	MINI_GENE_000563	0.6740404974364649
rsMINI000564	G	T	-0.007409947818787461	0.1	3	1326000	MINI_GENE_000564	0.9409312304670246
rsMINI000565	C	T	-0.059194922938606634	0.1	3	1328000	MINI_GENE_000565	0.5538845866558525
rsMINI000566	A	C	0.0009173176902312744	0.1	3	1330000	MINI_GENE_000566	0.9926809664222744
rsMINI000567	G	T	0.027260640629321983	0.1	3	1332000	MINI_GENE_000567	0.7851557868955781
rsMINI000568	A	C	0.04094408522565563	0.1	3	1334000	MINI_GENE_000568	0.6822161648205243
rsMINI000569	G	T	-0.023918045105991867	0.1	3	1336000	MINI_GENE_000569	0.8109656605927611
rsMINI000570	C	T	-0.011681534687467701	0.1	3	1338000	MINI_GENE_000570	0.9070063819696564
rsMINI000571	G	T	-0.20614374600940952	0.1	3	1340000	MINI_GENE_000571	0.03926132416426286
rsMINI000572	C	T	0.0626459513245826	0.1	3	1342000	MINI_GENE_000572	0.5310135846446993
rsMINI000573	C	T	-0.16288378436782414	0.1	3	1344000	MINI_GENE_000573	0.10334735105929804
rsMINI000574	A	G	-0.014798577644998501	0.1	3	1346000	MINI_GENE_000574	0.8823539933916279
rsMINI000575	G	T	-0.029996925600271687	0.1	3	1348000	MINI_GENE_000575	0.7642006065021616
rsMINI000576	C	T	-0.05688702747849113	0.1	3	1350000	MINI_GENE_000576	0.5694441792637359
rsMINI000577	C	T	0.08383166584866371	0.1	3	1352000	MINI_GENE_000577	0.40185288242908046
rsMINI000578	C	T	0.03825865660084825	0.1	3	1354000	MINI_GENE_000578	0.7020263325584678
rsMINI000579	G	T	0.041067274917556525	0.1	3	1356000	MINI_GENE_000579	0.6813125115144927
rsMINI000580	G	T	0.15197613369959997	0.1	3	1358000	MINI_GENE_000580	0.12857096951799254
rsMINI000581	A	C	-0.042333549088228686	0.1	3	1360000	MINI_GENE_000581	0.6720505035513104
rsMINI000582	A	C	0.017977134743618946	0.1	3	1362000	MINI_GENE_000582	0.8573320785506879
rsMINI000583	G	T	0.18560662819412654	0.1	3	1364000	MINI_GENE_000583	0.06344411106218921
rsMINI000584	A	G	-0.06554296969718774	0.1	3	1366000	MINI_GENE_000584	0.5121911365724097
rsMINI000585	A	G	0.007859195680599586	0.1	3	1368000	MINI_GENE_000585	0.937357185289588
rsMINI000586	C	T	0.01355745822744321	0.1	3	1370000	MINI_GENE_000586	0.8921576003014402
rsMINI000587	G	T	0.019594429316605735	0.1	3	1372000	MINI_GENE_000587	0.8446537682547213
rsMINI000588	C	T	0.02968750216989125	0.1	3	1374000	MINI_GENE_000588	0.7665619267158458
rsMINI000589	G	T	-0.08949017316415173	0.1	3	1376000	MINI_GENE_000589	0.3708396210117594
rsMINI000590	C	T	-0.08365601296441756	0.1	3	1378000	MINI_GENE_000590	0.40283986459373905
rsMINI000591	G	T	0.025072442842660938	0.1	3	1380000	MINI_GENE_000591	0.8020271726596564
rsMINI000592	C	T	0.09096532098349723	0.1	3	1382000	MINI_GENE_000592	0.3630054274801878
rsMINI000593	G	A	0.02202276770064342	0.1	3	1384000	MINI_GENE_000593	0.825693842581617
rsMINI000594	G	T	-0.004212602047087011	0.1	3	1386000	MINI_GENE_000594	0.9663982372423618
rsMINI000595	C	T	0.07508713464378147	0.1	3	1388000	MINI_GENE_000595	0.4527300862028919
rsMINI000596	G	T	-0.04608323877735899	0.1	3	1390000	MINI_GENE_000596	0.644918863159927
rsMINI000597	A	G	0.04937241547426663	0.1	3	1392000	MINI_GENE_000597	0.6215010039195474
rsMINI000598	A	C	-0.10620028009694234	0.1	3	1394000	MINI_GENE_000598	0.2882344136257112
rsMINI000599	A	C	-0.008341807264622404	0.1	3	1396000	MINI_GENE_000599	0.9335191187007256
rsMINI000600	C	T	0.009400419124961413	0.1	3	1398000	MINI_GENE_000600	0.9251058273464833
rsMINI000601	A	G	-0.08149383911118152	0.1	4	1000000	MINI_GENE_000601	0.4151075763675253
rsMINI000602	G	T	-0.08909310829339723	0.1	4	1002000	MINI_GENE_000602	0.3729661437803992
rsMINI000603	A	G	-0.06930097379743146	0.1	4	1004000	MINI_GENE_000603	0.48830344036251305
rsMINI000604	A	G	0.09564974057515979	0.1	4	1006000	MINI_GENE_000604	0.3388209944144153
rsMINI000605	A	G	-0.055672591433873944	0.1	4	1008000	MINI_GENE_000605	0.57771470850399
rsMINI000606	G	T	0.14899678144193904	0.1	4	1010000	MINI_GENE_000606	0.13623269891186993
rsMINI000607	A	G	0.0886949213584961	0.1	4	1012000	MINI_GENE_000607	0.37510624389375
rsMINI000608	A	C	0.0675153347950906	0.1	4	1014000	MINI_GENE_000608	0.49957834276240903
rsMINI000609	A	G	0.24420633263248828	0.1	4	1016000	MINI_GENE_000609	0.014603584720899955
rsMINI000610	C	T	-0.08057167586744053	0.1	4	1018000	MINI_GENE_000610	0.4204061842227637
rsMINI000611	G	T	0.03530406974966855	0.1	4	1020000	MINI_GENE_000611	0.7240579302591637
rsMINI000612	C	T	-0.08874156482445972	0.1	4	1022000	MINI_GENE_000612	0.3748551617232789
rsMINI000613	A	C	-0.11159409853836211	0.1	4	1024000	MINI_GENE_000613	0.2644473965414575
rsMINI000614	A	G	-0.036746622874962706	0.1	4	1026000	MINI_GENE_000614	0.7132712780467483
rsMINI000615	A	G	0.025478916110524837	0.1	4	1028000	MINI_GENE_000615	0.7988859472445028
rsMINI000616	C	T	-0.1350480849203927	0.1	4	1030000	MINI_GENE_000616	0.1768617925416623
rsMINI000617	A	G	0.05087610067678721	0.1	4	1032000	MINI_GENE_000617	0.6109197544089251
rsMINI000618	A	G	-0.06571155145331246	0.1	4	1034000	MINI_GENE_000618	0.511106643830064
rsMINI000619	A	C	0.11866177185423009	0.1	4	1036000	MINI_GENE_000619	0.23537844368676034
rsMINI000620	C	T	-0.037115233601123614	0.1	4	1038000	MINI_GENE_000620	0.7105240719127988
rsMINI000621	A	C	0.0008956967751928447	0.1	4	1040000	MINI_GENE_000621	0.9928534692770314
rsMINI000622	A	C	-0.05470228909088734	0.1	4	1042000	MINI_GENE_000622	0.5843630057714262
rsMINI000623	C	T	0.04203191837804128	0.1	4	1044000	MINI_GENE_000623	0.6742522974875578
rsMINI000624	C	T	-0.03317405962983807	0.1	4	1046000	MINI_GENE_000624	0.7400851435144452
rsMINI000625	C	T	0.0008581044153946672	0.1	4	1048000	MINI_GENE_000625	0.9931534013782056
rsMINI000626	G	T	0.07145429356389076	0.1	4	1050000	MINI_GENE_000626	0.47489151649481903
rsMINI000627	A	G	0.22689368583610847	0.1	4	1052000	MINI_GENE_000627	0.023272165899335874
rsMINI000628	A	C	-0.043725526580450376	0.1	4	1054000	MINI_GENE_000628	0.6619262336900226
rsMINI000629	G	T	0.03201760949306313	0.1	4	1056000	MINI_GENE_000629	0.7488348436066852
rsMINI000630	T	G	0.07956345961379269	0.1	4	1058000	MINI_GENE_000630	0.4262444519685629
rsMINI000631	G	T	-0.05053777111614221	0.1	4	1060000	MINI_GENE_000631	0.6132935706575365
rsMINI000632	C	T	-0.01056814867484255	0.1	4	1062000	MINI_GENE_000632	0.9158350695173628
rsMINI000633	C	T	0.1070879645190708	0.1	4	1064000	MINI_GENE_000633	0.28422354926118126
rsMINI000634	C	T	-0.053075958469441034	0.1	4	1066000	MINI_GENE_000634	0.5955853898445542
rsMINI000635	G	T	-0.07078197118516694	0.1	4	1068000	MINI_GENE_000635	0.4790572236595592
rsMINI000636	G	T	-0.029213196803013833	0.1	4	1070000	MINI_GENE_000636	0.7701857252671613
rsMINI000637	G	T	0.06693589987317404	0.1	4	1072000	MINI_GENE_000637	0.50326649974078
rsMINI000638	G	T	-0.062425868746528196	0.1	4	1074000	MINI_GENE_000638	0.5324577104608788
rsMINI000639	A	C	-0.061454404245035024	0.1	4	1076000	MINI_GENE_000639	0.5388558787242348
rsMINI000640	G	T	-0.010787111172396236	0.1	4	1078000	MINI_GENE_000640	0.9140979328818568
rsMINI000641	A	C	0.07374222626160805	0.1	4	1080000	MINI_GENE_000641	0.4608656011366645
rsMINI000642	A	C	0.018541113733992726	0.1	4	1082000	MINI_GENE_000642	0.8529065735382743
rsMINI000643	A	G	-0.0031544786831310674	0.1	4	1084000	MINI_GENE_000643	0.9748350751746341
rsMINI000644	G	T	-0.054375149110416646	0.1	4	1086000	MINI_GENE_000644	0.5866124939365291
rsMINI000645	G	T	0.12105909186822222	0.1	4	1088000	MINI_GENE_000645	0.22605222644578493
rsMINI000646	A	C	0.06409233968143695	0.1	4	1090000	MINI_GENE_000646	0.5215724539054114
rsMINI000647	A	G	-0.06036609495117348	0.1	4	1092000	MINI_GENE_000647	0.5460690817216436
rsMINI000648	A	G	0.050898259402699056	0.1	4	1094000	MINI_GENE_000648	0.6107644247252564
rsMINI000649	C	T	-0.10046539294340012	0.1	4	1096000	MINI_GENE_000649	0.315063519348242
rsMINI000650	G	T	-0.013360100797653285	0.1	4	1098000	MINI_GENE_000650	0.893718087085889
rsMINI000651	A	C	-0.01310524797298554	0.1	4	1100000	MINI_GENE_000651	0.8957337925336732
rsMINI000652	C	T	-0.013522562851479522	0.1	4	1102000	MINI_GENE_000652	0.8924334845718441
rsMINI000653	A	T	-0.02074887239131229	0.1	4	1104000	MINI_GENE_000653	0.835628198078815
rsMINI000654	C	T	-0.0033149788470596825	0.1	4	1106000	MINI_GENE_000654	0.9735551390877445
rsMINI000655	A	C	0.013736483699949918	0.1	4	1108000	MINI_GENE_000655	0.8907424235447097
rsMINI000656	C	T	0.03437001053759999	0.1	4	1110000	MINI_GENE_000656	0.731071831921468
rsMINI000657	G	T	0.007060328404923464	0.1	4	1112000	MINI_GENE_000657	0.9437134966446508
rsMINI000658	A	G	0.07083286968477641	0.1	4	1114000	MINI_GENE_000658	0.4787411603180115
rsMINI000659	G	T	-0.004387982369684596	0.1	4	1116000	MINI_GENE_000659	0.96500019816527
rsMINI000660	A	C	3.512947336840877e-05	0.1	4	1118000	MINI_GENE_000660	0.9997197073614672
rsMINI000661	A	C	-0.08155136805238894	0.1	4	1120000	MINI_GENE_000661	0.41477833697022953
rsMINI000662	A	C	0.05323322126969379	0.1	4	1122000	MINI_GENE_000662	0.5944959254883333
rsMINI000663	A	G	-0.06695467041163301	0.1	4	1124000	MINI_GENE_000663	0.503146798531297
rsMINI000664	C	T	0.07893283923838859	0.1	4	1126000	MINI_GENE_000664	0.42992009629184014
rsMINI000665	C	T	-0.0322955520509313	0.1	4	1128000	MINI_GENE_000665	0.7467289279699323
rsMINI000666	A	G	0.02128527963651379	0.1	4	1130000	MINI_GENE_000666	0.8314417816532038
rsMINI000667	G	A	-0.0007834889846571547	0.1	4	1132000	MINI_GENE_000667	0.9937487263121539
rsMINI000668	G	T	0.03932933940450333	0.1	4	1134000	MINI_GENE_000668	0.6941027967405367
rsMINI000669	G	T	-0.027262551439626033	0.1	4	1136000	MINI_GENE_000669	0.785141096977632
rsMINI000670	G	T	-0.014460622881518004	0.1	4	1138000	MINI_GENE_000670	0.8850217790480129
rsMINI000671	G	T	0.04970776749662053	0.1	4	1140000	MINI_GENE_000671	0.6191342772043724
rsMINI000672	A	C	0.09251833743300758	0.1	4	1142000	MINI_GENE_000672	0.3548705301168186
rsMINI000673	C	T	0.10775807640774744	0.1	4	1144000	MINI_GENE_000673	0.28122089041070514
rsMINI000674	A	G	-0.020292751411027155	0.1	4	1146000	MINI_GENE_000674	0.8391916885249664
rsMINI000675	C	T	-0.05946681392276362	0.1	4	1148000	MINI_GENE_000675	0.5520653229595601
rsMINI000676	A	G	-0.07882948900345332	0.1	4	1150000	MINI_GENE_000676	0.43052423594207495
rsMINI000677	A	C	0.09152816736609269	0.1	4	1152000	MINI_GENE_000677	0.36004377743680227
rsMINI000678	C	T	-0.007907273469880847	0.1	4	1154000	MINI_GENE_000678	0.9369747701503036
rsMINI000679	G	T	0.1329110590221648	0.1	4	1156000	MINI_GENE_000679	0.18381148687974969
rsMINI000680	G	T	0.0981245683485656	0.1	4	1158000	MINI_GENE_000680	0.3264716009699932
rsMINI000681	A	G	0.09790876925573529	0.1	4	1160000	MINI_GENE_000681	0.3275366522355292
rsMINI000682	A	C	-0.025119086219457562	0.1	4	1162000	MINI_GENE_000682	0.8016665490424904
rsMINI000683	G	T	0.0509041931323159	0.1	4	1164000	MINI_GENE_000683	0.6107228330532855
rsMINI000684	A	G	0.07786611565887719	0.1	4	1166000	MINI_GENE_000684	0.4361793432621339
rsMINI000685	A	G	-0.0804252348245873	0.1	4	1168000	MINI_GENE_000685	0.42125125176249356
rsMINI000686	A	G	-0.010924510381529903	0.1	4	1170000	MINI_GENE_000686	0.9130080866919763
rsMINI000687	A	G	0.09741529444799567	0.1	4	1172000	MINI_GENE_000687	0.32998060472296753
rsMINI000688	A	C	-0.10816356398856315	0.1	4	1174000	MINI_GENE_000688	0.279414461559153
rsMINI000689	G	T	0.046060817480134866	0.1	4	1176000	MINI_GENE_000689	0.6450797455217498
rsMINI000690	A	C	-0.038630359735956694	0.1	4	1178000	MINI_GENE_000690	0.6992718365959947
rsMINI000691	A	G	-0.033948741440889864	0.1	4	1180000	MINI_GENE_000691	0.7342425765975096
rsMINI000692	A	C	-0.09549880138873972	0.1	4	1182000	MINI_GENE_000692	0.3395837584198568
rsMINI000693	G	T	-0.05451534794308888	0.1	4	1184000	MINI_GENE_000693	0.585647963800806
rsMINI000694	A	G	-0.003747139417556222	0.1	4	1186000	MINI_GENE_000694	0.9701091482634918
rsMINI000695	G	T	0.05087593274011255	0.1	4	1188000	MINI_GENE_000695	0.6109209316892623
rsMINI000696	G	T	-0.12517464415377802	0.1	4	1190000	MINI_GENE_000696	0.21066227161480122
rsMINI000697	C	T	-0.06994929477609595	0.1	4	1192000	MINI_GENE_000697	0.4842440187481203
rsMINI000698	A	C	-0.06087474441674724	0.1	4	1194000	MINI_GENE_000698	0.5426918541699267
rsMINI000699	A	G	0.018109323771242903	0.1	4	1196000	MINI_GENE_000699	0.8562943923677109
rsMINI000700	C	T	0.07734712908251105	0.1	4	1198000	MINI_GENE_000700	0.4392435129810482
rsMINI000701	A	G	-0.048753948315126555	0.1	4	1200000	MINI_GENE_000701	0.6258760696911676
rsMINI000702	A	G	-0.09541446083954654	0.1	4	1202000	MINI_GENE_000702	0.34001044855735274
rsMINI000703	C	T	-0.007024155020688552	0.1	4	1204000	MINI_GENE_000703	0.9440014036940169
rsMINI000704	C	A	0.015985917997119257	0.1	4	1206000	MINI_GENE_000704	0.8729920045745051
rsMINI000705	A	C	0.05681536337584001	0.1	4	1208000	MINI_GENE_000705	0.5699306519548367
rsMINI000706	A	G	-0.03508032537184786	0.1	4	1210000	MINI_GENE_000706	0.7257359560366117
rsMINI000707	C	T	0.025003609021029972	0.1	4	1212000	MINI_GENE_000707	0.8025594388927642
rsMINI000708	A	G	0.06954976135050057	0.1	4	1214000	MINI_GENE_000708	0.4867435062631192
rsMINI000709	A	C	0.004490867200352577	0.1	4	1216000	MINI_GENE_000709	0.9641801045608379
rsMINI000710	G	T	-0.07976577641947863	0.1	4	1218000	MINI_GENE_000710	0.42506911998759805
rsMINI000711	G	T	-0.015948979705572724	0.1	4	1220000	MINI_GENE_000711	0.8732829961998729
rsMINI000712	A	G	0.004236666406574158	0.1	4	1222000	MINI_GENE_000712	0.9662064026989056
rsMINI000713	C	T	0.09201112411769682	0.1	4	1224000	MINI_GENE_000713	0.35751463061205685
rsMINI000714	A	G	-0.06601245205717413	0.1	4	1226000	MINI_GENE_000714	0.50917392433777
rsMINI000715	A	G	-0.09612166794039004	0.1	4	1228000	MINI_GENE_000715	0.33644323158245654
rsMINI000716	A	C	0.03418624944362352	0.1	4	1230000	MINI_GENE_000716	0.7324543760027054
rsMINI000717	A	C	-0.017267820118592726	0.1	4	1232000	MINI_GENE_000717	0.8629043793108631
rsMINI000718	G	T	-0.08943972773251048	0.1	4	1234000	MINI_GENE_000718	0.3711093687072014
rsMINI000719	C	T	0.007725624780057092	0.1	4	1236000	MINI_GENE_000719	0.9384196960313811
rsMINI000720	C	T	0.1336170684959718	0.1	4	1238000	MINI_GENE_000720	0.18149349047295624
rsMINI000721	G	T	-0.006871660893608667	0.1	4	1240000	MINI_GENE_000721	0.9452151974352275
rsMINI000722	G	T	-0.04728662940847884	0.1	4	1242000	MINI_GENE_000722	0.6363085734464395
rsMINI000723	C	T	0.020849578489533824	0.1	4	1244000	MINI_GENE_000723	0.8348418734922648
rsMINI000724	G	T	-0.08216342325841632	0.1	4	1246000	MINI_GENE_000724	0.4112851001237129
rsMINI000725	C	T	-0.03255662099492977	0.1	4	1248000	MINI_GENE_000725	0.7447525809948832
rsMINI000726	A	C	0.07517077856015107	0.1	4	1250000	MINI_GENE_000726	0.4522268073383045
rsMINI000727	A	C	0.12338404685625404	0.1	4	1252000	MINI_GENE_000727	0.21726235629145454
rsMINI000728	C	T	0.06557475418457129	0.1	4	1254000	MINI_GENE_000728	0.5119865740070775
rsMINI000729	A	G	-0.007601206061018765	0.1	4	1256000	MINI_GENE_000729	0.9394095029802809
rsMINI000730	A	C	-0.02425185676542956	0.1	4	1258000	MINI_GENE_000730	0.8083783713040567
rsMINI000731	G	T	0.005521510918935903	0.1	4	1260000	MINI_GENE_000731	0.9559670919059876
rsMINI000732	A	C	-0.039606861412379214	0.1	4	1262000	MINI_GENE_000732	0.6920544113249903
rsMINI000733	C	T	-0.12956083923942793	0.1	4	1264000	MINI_GENE_000733	0.19511043629241515
rsMINI000734	A	G	0.01985039667564386	0.1	4	1266000	MINI_GENE_000734	0.8426507814821315
rsMINI000735	A	G	0.12399061368272256	0.1	4	1268000	MINI_GENE_000735	0.21501011376950885
rsMINI000736	A	C	-0.0005210121780146626	0.1	4	1270000	MINI_GENE_000736	0.9958429430792007
rsMINI000737	A	G	0.05940812701799234	0.1	4	1272000	MINI_GENE_000737	0.552457757481745
rsMINI000738	C	T	-0.03603648398883394	0.1	4	1274000	MINI_GENE_000738	0.7185743164796556
rsMINI000739	A	G	-0.08491106355034927	0.1	4	1276000	MINI_GENE_000739	0.39581973289971173
rsMINI000740	G	T	-0.05155201781647023	0.1	4	1278000	MINI_GENE_000740	0.6061895729842794
rsMINI000741	T	C	-0.029262984527825355	0.1	4	1280000	MINI_GENE_000741	0.7698050986460493
rsMINI000742	A	G	-0.058117601367555144	0.1	4	1282000	MINI_GENE_000742	0.5611218319353557
rsMINI000743	A	G	0.060223571645415544	0.1	4	1284000	MINI_GENE_000743	0.547017244197755
rsMINI000744	C	T	0.07188934180480226	0.1	4	1286000	MINI_GENE_000744	0.4722065922081461
rsMINI000745	C	T	0.12236522476085765	0.1	4	1288000	MINI_GENE_000745	0.22108344082101308
rsMINI000746	A	G	0.0038435872479223505	0.1	4	1290000	MINI_GENE_000746	0.9693401600005033
rsMINI000747	A	G	-0.0358429052126874	0.1	4	1292000	MINI_GENE_000747	0.7200222534793075
rsMINI000748	A	G	0.05511983675059589	0.1	4	1294000	MINI_GENE_000748	0.5814976990424067
rsMINI000749	A	G	0.012401953393097949	0.1	4	1296000	MINI_GENE_000749	0.9012998086246446
rsMINI000750	A	G	-0.012924240033616287	0.1	4	1298000	MINI_GENE_000750	0.8971658469145818
rsMINI000751	C	T	0.02145243083788286	0.1	4	1300000	MINI_GENE_000751	0.830138212830001
rsMINI000752	A	G	-0.04685812366359232	0.1	4	1302000	MINI_GENE_000752	0.6393689916642149
rsMINI000753	A	G	0.03620395747808643	0.1	4	1304000	MINI_GENE_000753	0.7173224571522319
rsMINI000754	G	T	0.04084945789557312	0.1	4	1306000	MINI_GENE_000754	0.6829106096701923
rsMINI000755	A	G	0.004182820843816155	0.1	4	1308000	MINI_GENE_000755	0.9666356476044309
rsMINI000756	A	C	-0.0783385337345509	0.1	4	1310000	MINI_GENE_000756	0.4334008638899389
rsMINI000757	C	T	0.09311424838832666	0.1	4	1312000	MINI_GENE_000757	0.35177986505840675
rsMINI000758	C	T	0.08052727093733664	0.1	4	1314000	MINI_GENE_000758	0.42066232657563724
rsMINI000759	A	G	-0.032153947070466975	0.1	4	1316000	MINI_GENE_000759	0.7478016056377
rsMINI000760	C	T	-0.05266924021735023	0.1	4	1318000	MINI_GENE_000760	0.5984072126672337
rsMINI000761	A	G	0.06578844376833881	0.1	4	1320000	MINI_GENE_000761	0.510612391313385
rsMINI000762	C	T	-0.012753926109046172	0.1	4	1322000	MINI_GENE_000762	0.8985136010302303
rsMINI000763	G	T	-0.038707713773055985	0.1	4	1324000	MINI_GENE_000763	0.6986991023773795
rsMINI000764	G	T	0.020449348786000306	0.1	4	1326000	MINI_GENE_000764	0.8379678804135077
rsMINI000765	A	G	0.04986725037963275	0.1	4	1328000	MINI_GENE_000765	0.618010118228281
rsMINI000766	C	T	0.005608021648936971	0.1	4	1330000	MINI_GENE_000766	0.955277904086857
rsMINI000767	G	T	0.03854612391507226	0.1	4	1332000	MINI_GENE_000767	0.6998957186607941
rsMINI000768	A	G	0.09394324051757032	0.1	4	1334000	MINI_GENE_000768	0.3475087819022597
rsMINI000769	C	T	0.010503789860721474	0.1	4	1336000	MINI_GENE_000769	0.9163457362991696
rsMINI000770	A	G	0.03912603941735599	0.1	4	1338000	MINI_GENE_000770	0.6956047709647879
rsMINI000771	C	T	0.02845297742879469	0.1	4	1340000	MINI_GENE_000771	0.7760044199180096
rsMINI000772	C	T	0.02214062769450096	0.1	4	1342000	MINI_GENE_000772	0.8247761054102514
rsMINI000773	C	T	-0.0007915935882791076	0.1	4	1344000	MINI_GENE_000773	0.9936840629364689
rsMINI000774	A	C	-0.01814266934509413	0.1	4	1346000	MINI_GENE_000774	0.8560326681896435
rsMINI000775	A	G	-0.1123994940757874	0.1	4	1348000	MINI_GENE_000775	0.2610151722338656
rsMINI000776	A	G	-0.03153564788817555	0.1	4	1350000	MINI_GENE_000776	0.752491006975275
rsMINI000777	G	T	0.0507326373334843	0.1	4	1352000	MINI_GENE_000777	0.6119258365881637
rsMINI000778	T	C	-0.03502971560589043	0.1	4	1354000	MINI_GENE_000778	0.7261156993634075
rsMINI000779	A	C	0.019556727016575532	0.1	4	1356000	MINI_GENE_000779	0.8449488801743545
rsMINI000780	A	C	-0.019728447333245983	0.1	4	1358000	MINI_GENE_000780	0.8436049290586989
rsMINI000781	A	G	0.06247461780153814	0.1	4	1360000	MINI_GENE_000781	0.5321376602466641
rsMINI000782	A	C	-0.08815840535532377	0.1	4	1362000	MINI_GENE_000782	0.37800178165993403
rsMINI000783	C	T	0.007497941447479456	0.1	4	1364000	MINI_GENE_000783	0.9402310906495367
rsMINI000784	G	T	0.08667958041887423	0.1	4	1366000	MINI_GENE_000784	0.3860539014637867
rsMINI000785	C	T	-0.027670523921817028	0.1	4	1368000	MINI_GENE_000785	0.7820064485857647
rsMINI000786	G	T	0.09523262956888391	0.1	4	1370000	MINI_GENE_000786	0.3409315258792784
rsMINI000787	A	G	0.08722261297784546	0.1	4	1372000	MINI_GENE_000787	0.3830850273930219
rsMINI000788	G	T	0.0014161514020927662	0.1	4	1374000	MINI_GENE_000788	0.9887011242684285
rsMINI000789	C	T	-0.03634401336110521	0.1	4	1376000	MINI_GENE_000789	0.7162761261128028
rsMINI000790	G	T	0.0391636141427702	0.1	4	1378000	MINI_GENE_000790	0.6953270798244392
rsMINI000791	C	T	-0.005650803932854553	0.1	4	1380000	MINI_GENE_000791	0.9549370913021491
rsMINI000792	G	T	0.06686813957224928	0.1	4	1382000	MINI_GENE_000792	0.503698737674448
rsMINI000793	G	T	0.05556142074605176	0.1	4	1384000	MINI_GENE_000793	0.5784746168926735
rsMINI000794	C	T	0.02768737105102574	0.1	4	1386000	MINI_GENE_000794	0.7818770797131491
rsMINI000795	A	C	-0.0535487806274658	0.1	4	1388000	MINI_GENE_000795	0.5923125872257619
rsMINI000796	A	C	0.05490958427683741	0.1	4	1390000	MINI_GENE_000796	0.5829396780470311
rsMINI000797	A	C	0.07732803349936694	0.1	4	1392000	MINI_GENE_000797	0.4393564912765495
rsMINI000798	A	C	-0.017450352383802558	0.1	4	1394000	MINI_GENE_000798	0.8614697616346061
rsMINI000799	C	T	0.021645649758894325	0.1	4	1396000	MINI_GENE_000799	0.8286319312139137
rsMINI000800	G	T	0.023175055623298715	0.1	4	1398000	MINI_GENE_000800	0.8167317619441655
rsMINI000801	C	T	0.02508567323051066	0.1	5	1000000	MINI_GENE_000801	0.8019248775287409
rsMINI000802	A	C	-0.025332994209577617	0.1	5	1002000	MINI_GENE_000802	0.8000132601081852
rsMINI000803	C	T	-0.05081440249334279	0.1	5	1004000	MINI_GENE_000803	0.6113523426092144
rsMINI000804	C	T	0.1266920067235227	0.1	5	1006000	MINI_GENE_000804	0.2051838725622728
rsMINI000805	G	T	-0.012274520961075445	0.1	5	1008000	MINI_GENE_000805	0.9023088624337668
rsMINI000806	G	T	0.0868780638988935	0.1	5	1010000	MINI_GENE_000806	0.38496712483399886
rsMINI000807	C	T	0.0017512115556925446	0.1	5	1012000	MINI_GENE_000807	0.9860280675122994
rsMINI000808	A	C	0.07181754247390296	0.1	5	1014000	MINI_GENE_000808	0.4726491287447586
rsMINI000809	G	T	0.04140418180433425	0.1	5	1016000	MINI_GENE_000809	0.6788434814280169
rsMINI000810	A	G	0.010760818124439431	0.1	5	1018000	MINI_GENE_000810	0.9143065069851947
rsMINI000811	A	C	-0.08175869239874375	0.1	5	1020000	MINI_GENE_000811	0.4135930965251991
rsMINI000812	A	G	0.010210447045606053	0.1	5	1022000	MINI_GENE_000812	0.9186737526515847
rsMINI000813	A	G	-0.024425552740782674	0.1	5	1024000	MINI_GENE_000813	0.8070329244134695
rsMINI000814	G	T	-0.10620171873417356	0.1	5	1026000	MINI_GENE_000814	0.28822788264299304
rsMINI000815	C	A	0.008239706865561634	0.1	5	1028000	MINI_GENE_000815	0.9343309669992809
rsMINI000816	G	T	0.01854702883544499	0.1	5	1030000	MINI_GENE_000816	0.8528601824090616
rsMINI000817	C	T	0.025262382358600413	0.1	5	1032000	MINI_GENE_000817	0.8005589184654234
rsMINI000818	G	T	-0.06848498951564778	0.1	5	1034000	MINI_GENE_000818	0.49343864631414913
rsMINI000819	A	C	-0.020403330406540243	0.1	5	1036000	MINI_GENE_000819	0.8383274734128828
rsMINI000820	A	C	0.027189523514145005	0.1	5	1038000	MINI_GENE_000820	0.785702575078771
rsMINI000821	C	T	-0.012742493570807256	0.1	5	1040000	MINI_GENE_000821	0.898604081264266
rsMINI000822	C	T	-0.10837775426768098	0.1	5	1042000	MINI_GENE_000822	0.27846344472245865
rsMINI000823	A	C	0.032055699669367645	0.1	5	1044000	MINI_GENE_000823	0.748546130702798
rsMINI000824	C	T	-0.043115730707813826	0.1	5	1046000	MINI_GENE_000824	0.6663539941674033
rsMINI000825	A	C	-0.023769016208767525	0.1	5	1048000	MINI_GENE_000825	0.8121214145462832
rsMINI000826	G	T	-0.027660902505148934	0.1	5	1050000	MINI_GENE_000826	0.7820803340173939
rsMINI000827	C	T	0.10694565329837039	0.1	5	1052000	MINI_GENE_000827	0.284864005142649
rsMINI000828	C	T	-0.14288068235542997	0.1	5	1054000	MINI_GENE_000828	0.15305976381093334
rsMINI000829	A	C	0.08295976254193373	0.1	5	1056000	MINI_GENE_000829	0.40676631979045136
rsMINI000830	C	T	0.07471440426699781	0.1	5	1058000	MINI_GENE_000830	0.4549766172099482
rsMINI000831	C	T	-0.03297649683443223	0.1	5	1060000	MINI_GENE_000831	0.7415775592412674
rsMINI000832	G	T	0.025392334927090834	0.1	5	1062000	MINI_GENE_000832	0.7995547757411298
rsMINI000833	G	T	-0.025905527101091914	0.1	5	1064000	MINI_GENE_000833	0.7955925955134664
rsMINI000834	G	T	0.03450562458313789	0.1	5	1066000	MINI_GENE_000834	0.7300520863252499
rsMINI000835	A	G	-0.03889680352744123	0.1	5	1068000	MINI_GENE_000835	0.6972997922286633
rsMINI000836	A	C	-0.07539906463030388	0.1	5	1070000	MINI_GENE_000836	0.4508548383408329
rsMINI000837	A	G	0.02356804787177738	0.1	5	1072000	MINI_GENE_000837	0.8136806189605248
rsMINI000838	G	T	0.02816650842220249	0.1	5	1074000	MINI_GENE_000838	0.7782003296573086
rsMINI000839	A	G	-0.05439750916942703	0.1	5	1076000	MINI_GENE_000839	0.5864586134274132
rsMINI000840	C	T	0.04352731497488939	0.1	5	1078000	MINI_GENE_000840	0.6633641718789376
rsMINI000841	A	C	0.14220347746267875	0.1	5	1080000	MINI_GENE_000841	0.15501615604661179
rsMINI000842	G	T	-0.04479213973288075	0.1	5	1082000	MINI_GENE_000842	0.6542099252888176
rsMINI000843	C	T	-0.06387193685644725	0.1	5	1084000	MINI_GENE_000843	0.5230055103478866
rsMINI000844	A	G	-0.08829214500949913	0.1	5	1086000	MINI_GENE_000844	0.3772787132800983
rsMINI000845	A	C	-0.01669515003534795	0.1	5	1088000	MINI_GENE_000845	0.867408210331363
rsMINI000846	A	C	-0.03724049210633509	0.1	5	1090000	MINI_GENE_000846	0.7095913905223101
rsMINI000847	A	G	0.07143562113540156	0.1	5	1092000	MINI_GENE_000847	0.4750069416908354
rsMINI000848	C	T	0.003719756689368109	0.1	5	1094000	MINI_GENE_000848	0.9703274786089715
rsMINI000849	G	T	-0.02042951492047158	0.1	5	1096000	MINI_GENE_000849	0.8381228604136042
rsMINI000850	A	G	0.1319789151248811	0.1	5	1098000	MINI_GENE_000850	0.1869054247173373
rsMINI000851	A	C	-0.023149303547350272	0.1	5	1100000	MINI_GENE_000851	0.8169317954042133
rsMINI000852	C	A	-0.02053664297643893	0.1	5	1102000	MINI_GENE_000852	0.8372858464343196
rsMINI000853	G	T	-0.03652694321600748	0.1	5	1104000	MINI_GENE_000853	0.714910293918043
rsMINI000854	A	G	0.04821293346266399	0.1	5	1106000	MINI_GENE_000854	0.629714072228305
rsMINI000855	A	C	0.14266915262885568	0.1	5	1108000	MINI_GENE_000855	0.15366882919229313
rsMINI000856	G	T	-0.03934563422213434	0.1	5	1110000	MINI_GENE_000856	0.6939824630104849
rsMINI000857	G	T	0.05116869849659768	0.1	5	1112000	MINI_GENE_000857	0.608870096363767
rsMINI000858	G	T	-0.05804060602241548	0.1	5	1114000	MINI_GENE_000858	0.5616408193205955
rsMINI000859	C	T	0.10046860124753668	0.1	5	1116000	MINI_GENE_000859	0.3150480655416208
rsMINI000860	A	G	-0.017219267380219543	0.1	5	1118000	MINI_GENE_000860	0.863286057316919
rsMINI000861	G	T	0.03495010629647256	0.1	5	1120000	MINI_GENE_000861	0.726713172941615
rsMINI000862	A	G	-0.03765683141217004	0.1	5	1122000	MINI_GENE_000862	0.7064944388571918
rsMINI000863	A	G	0.030078593817219026	0.1	5	1124000	MINI_GENE_000863	0.76357773186793
rsMINI000864	A	T	0.04569987003847609	0.1	5	1126000	MINI_GENE_000864	0.6476719796259175
rsMINI000865	C	T	-0.10682100527108701	0.1	5	1128000	MINI_GENE_000865	0.28542577116306156
rsMINI000866	A	C	-0.08862338264093193	0.1	5	1130000	MINI_GENE_000866	0.3754915392817454
rsMINI000867	C	T	0.025190575499849745	0.1	5	1132000	MINI_GENE_000867	0.8011139111626674
rsMINI000868	G	T	0.027758908046059738	0.1	5	1134000	MINI_GENE_000868	0.7813278153692816
rsMINI000869	G	T	0.006054624941470872	0.1	5	1136000	MINI_GENE_000869	0.9517205816820511
rsMINI000870	G	T	0.062088538200877855	0.1	5	1138000	MINI_GENE_000870	0.5346750398615272
rsMINI000871	A	C	0.028572858489664888	0.1	5	1140000	MINI_GENE_000871	0.7750860094233125
rsMINI000872	C	T	0.043300830510963485	0.1	5	1142000	MINI_GENE_000872	0.6650087362891779
rsMINI000873	C	T	-0.014351152336064522	0.1	5	1144000	MINI_GENE_000873	0.885886211125377
rsMINI000874	G	T	0.14208425300559996	0.1	5	1146000	MINI_GENE_000874	0.1553625434425011
rsMINI000875	A	G	0.023608485136776377	0.1	5	1148000	MINI_GENE_000875	0.8133668285819358
rsMINI000876	A	C	0.07084495851010869	0.1	5	1150000	MINI_GENE_000876	0.47866610933529485
rsMINI000877	A	C	-0.0705745796482685	0.1	5	1152000	MINI_GENE_000877	0.4803462355263966
rsMINI000878	A	C	-0.019944552925823204	0.1	5	1154000	MINI_GENE_000878	0.8419142486099056
rsMINI000879	C	T	-0.05346983982215834	0.1	5	1156000	MINI_GENE_000879	0.5928584292928458
rsMINI000880	A	C	0.01677201765373539	0.1	5	1158000	MINI_GENE_000880	0.8668034224570701
rsMINI000881	C	T	-0.11145688883007941	0.1	5	1160000	MINI_GENE_000881	0.26503520870391734
rsMINI000882	G	T	-0.03297641947059879	0.1	5	1162000	MINI_GENE_000882	0.7415781438488387
rsMINI000883	G	T	-0.06741085445227815	0.1	5	1164000	MINI_GENE_000883	0.5002423076084788
rsMINI000884	A	G	0.043512388283630764	0.1	5	1166000	MINI_GENE_000884	0.6634725087810098
rsMINI000885	A	C	0.04546913666718131	0.1	5	1168000	MINI_GENE_000885	0.6493312927654884
rsMINI000886	A	G	-0.07876098371831766	0.1	5	1170000	MINI_GENE_000886	0.4309249588424107
rsMINI000887	A	G	-0.10371570862087065	0.1	5	1172000	MINI_GENE_000887	0.2996626540812778
rsMINI000888	C	T	-0.0722388040853169	0.1	5	1174000	MINI_GENE_000888	0.47005593748533997
rsMINI000889	C	A	0.037708859926064625	0.1	5	1176000	MINI_GENE_000889	0.706107763372578
rsMINI000890	A	G	-0.04771594119726926	0.1	5	1178000	MINI_GENE_000890	0.6332486108369442
rsMINI000891	G	T	-0.07014759500607624	0.1	5	1180000	MINI_GENE_000891	0.4830060383487781
rsMINI000892	G	T	0.11404518305107705	0.1	5	1182000	MINI_GENE_000892	0.25409810997320004
rsMINI000893	A	C	-0.054985472152614304	0.1	5	1184000	MINI_GENE_000893	0.5824190222771639
rsMINI000894	A	G	-0.0678485673066031	0.1	5	1186000	MINI_GENE_000894	0.4974638047287692
rsMINI000895	C	T	-0.04188871958019169	0.1	5	1188000	MINI_GENE_000895	0.675298575202347
rsMINI000896	A	C	0.0694541156145395	0.1	5	1190000	MINI_GENE_000896	0.4873429000943727
rsMINI000897	G	T	-0.04683006693929619	0.1	5	1192000	MINI_GENE_000897	0.6395695898041847
rsMINI000898	A	C	0.11271870442599144	0.1	5	1194000	MINI_GENE_000898	0.25966340699317825
rsMINI000899	C	T	0.03041551881355299	0.1	5	1196000	MINI_GENE_000899	0.7610096631272829
rsMINI000900	A	G	-0.00838440012193154	0.1	5	1198000	MINI_GENE_000900	0.9331804632475935
rsMINI000901	A	G	0.0034432758587286533	0.1	5	1200000	MINI_GENE_000901	0.9725320613772906
rsMINI000902	A	G	0.03806885706420609	0.1	5	1202000	MINI_GENE_000902	0.7034343507267025
rsMINI000903	C	T	-0.00690514119677777	0.1	5	1204000	MINI_GENE_000903	0.9449486962920847
rsMINI000904	C	T	0.08169083832061685	0.1	5	1206000	MINI_GENE_000904	0.41398078664485255
rsMINI000905	G	T	0.007255360176920517	0.1	5	1208000	MINI_GENE_000905	0.9421613497815738
rsMINI000906	A	G	-0.16039978379732422	0.1	5	1210000	MINI_GENE_000906	0.1087145291667719
rsMINI000907	A	G	-0.048750672304646636	0.1	5	1212000	MINI_GENE_000907	0.6258992796330727
rsMINI000908	G	T	0.059953134195259196	0.1	5	1214000	MINI_GENE_000908	0.5488186161900508
rsMINI000909	A	C	0.022306095089661818	0.1	5	1216000	MINI_GENE_000909	0.823488069341912
rsMINI000910	A	C	0.03723216340527066	0.1	5	1218000	MINI_GENE_000910	0.709653392981229
rsMINI000911	C	T	-0.06333402201506165	0.1	5	1220000	MINI_GENE_000911	0.526511493755935
rsMINI000912	G	T	0.050872933636367905	0.1	5	1222000	MINI_GENE_000912	0.6109419563660916
rsMINI000913	G	T	-0.04258110947049123	0.1	5	1224000	MINI_GENE_000913	0.6702455018532214
rsMINI000914	A	G	0.0303067196496922	0.1	5	1226000	MINI_GENE_000914	0.7618386526087308
rsMINI000915	C	T	-0.10468633369658145	0.1	5	1228000	MINI_GENE_000915	0.29516261343391414
rsMINI000916	A	G	0.0030436002241160777	0.1	5	1230000	MINI_GENE_000916	0.9757193325107417
rsMINI000917	G	T	-0.11098646362702416	0.1	5	1232000	MINI_GENE_000917	0.2670573613084875
rsMINI000918	C	T	-0.1634129882369567	0.1	5	1234000	MINI_GENE_000918	0.10223158150921063
rsMINI000919	A	C	-0.0056969725765591735	0.1	5	1236000	MINI_GENE_000919	0.9545693112992965
rsMINI000920	A	C	-0.11514603727970221	0.1	5	1238000	MINI_GENE_000920	0.2495428888333303
rsMINI000921	C	T	0.02063301857785378	0.1	5	1240000	MINI_GENE_000921	0.8365330009455049
rsMINI000922	A	C	-0.08469811055618694	0.1	5	1242000	MINI_GENE_000922	0.397005653043253
rsMINI000923	C	T	-0.015839580330103447	0.1	5	1244000	MINI_GENE_000923	0.8741449205157122
rsMINI000924	A	G	-0.09426088337757635	0.1	5	1246000	MINI_GENE_000924	0.3458810197154544
rsMINI000925	A	C	-0.004184968295681825	0.1	5	1248000	MINI_GENE_000925	0.9666185284076579
rsMINI000926	C	A	0.06139637014515445	0.1	5	1250000	MINI_GENE_000926	0.5392393139059257
rsMINI000927	C	T	-0.21769746778243895	0.1	5	1252000	MINI_GENE_000927	0.02948245682699842
rsMINI000928	A	G	-0.01031299157956433	0.1	5	1254000	MINI_GENE_000928	0.9178598622340912
rsMINI000929	C	T	0.03620205087329085	0.1	5	1256000	MINI_GENE_000929	0.71733670470179
rsMINI000930	A	C	-0.11487653957724094	0.1	5	1258000	MINI_GENE_000930	0.25065273187437853
rsMINI000931	G	T	0.1066858417649379	0.1	5	1260000	MINI_GENE_000931	0.28603577441096023
rsMINI000932	A	C	-0.00954170255355278	0.1	5	1262000	MINI_GENE_000932	0.923983593355028
rsMINI000933	C	T	0.042797926649572215	0.1	5	1264000	MINI_GENE_000933	0.66866621551661
rsMINI000934	A	C	0.007070973139001558	0.1	5	1266000	MINI_GENE_000934	0.9436287756970813
rsMINI000935	G	T	-0.017081647184474236	0.1	5	1268000	MINI_GENE_000935	0.8643680767727899
rsMINI000936	A	C	0.08173864644284358	0.1	5	1270000	MINI_GENE_000936	0.4137076084454831
rsMINI000937	A	G	0.15672727784561719	0.1	5	1272000	MINI_GENE_000937	0.11705094536397906
rsMINI000938	A	G	0.008674953525661128	0.1	5	1274000	MINI_GENE_000938	0.9308706013548194
rsMINI000939	A	G	0.02895147367130367	0.1	5	1276000	MINI_GENE_000939	0.7721875042663064
rsMINI000940	G	T	0.13272335634982854	0.1	5	1278000	MINI_GENE_000940	0.1844314329559591
rsMINI000941	A	C	-0.014060361265590038	0.1	5	1280000	MINI_GENE_000941	0.8881830941066686
rsMINI000942	C	T	0.0784405489052689	0.1	5	1282000	MINI_GENE_000942	0.43280221860201024
rsMINI000943	A	G	-0.05678976390196493	0.1	5	1284000	MINI_GENE_000943	0.5701044752044689
rsMINI000944	C	T	-0.019240264030768534	0.1	5	1286000	MINI_GENE_000944	0.8474268243739296
rsMINI000945	A	G	0.0679548860699501	0.1	5	1288000	MINI_GENE_000945	0.4967901597236531
rsMINI000946	A	C	-0.1331679000227702	0.1	5	1290000	MINI_GENE_000946	0.18296569272411303
rsMINI000947	G	T	-0.08040251003700927	0.1	5	1292000	MINI_GENE_000947	0.42138247900396725
rsMINI000948	A	G	-0.04171870022560278	0.1	5	1294000	MINI_GENE_000948	0.676541631539433
rsMINI000949	G	T	0.003342491101291029	0.1	5	1296000	MINI_GENE_000949	0.9733357446430221
rsMINI000950	G	T	0.008687986147374328	0.1	5	1298000	MINI_GENE_000950	0.9307670071986561
rsMINI000951	A	G	-0.026291563785615108	0.1	5	1300000	MINI_GENE_000951	0.792615602957285
rsMINI000952	G	T	-0.08275402362317714	0.1	5	1302000	MINI_GENE_000952	0.4079309261601277
rsMINI000953	G	T	0.09111541599349965	0.1	5	1304000	MINI_GENE_000953	0.3622141531016395
rsMINI000954	G	T	-0.01327615010635132	0.1	5	1306000	MINI_GENE_000954	0.8943820024690805
rsMINI000955	A	C	0.10971432655993583	0.1	5	1308000	MINI_GENE_000955	0.2725787695270223
rsMINI000956	A	G	-0.04875069871901652	0.1	5	1310000	MINI_GENE_000956	0.6258990924905556
rsMINI000957	A	G	0.008420265017264913	0.1	5	1312000	MINI_GENE_000957	0.9328953111406071
rsMINI000958	A	G	0.1333028890208647	0.1	5	1314000	MINI_GENE_000958	0.18252232320066406
rsMINI000959	C	T	-0.017360842986719333	0.1	5	1316000	MINI_GENE_000959	0.8621732065562274
rsMINI000960	A	C	-0.020168153010516804	0.1	5	1318000	MINI_GENE_000960	0.8401657027299936
rsMINI000961	C	T	0.060398988656586994	0.1	5	1320000	MINI_GENE_000961	0.5458503660716297
rsMINI000962	C	T	0.020461652353753433	0.1	5	1322000	MINI_GENE_000962	0.8378717446259193
rsMINI000963	G	A	-0.0639289104932513	0.1	5	1324000	MINI_GENE_000963	0.5226348748205281
rsMINI000964	G	T	-0.1005742890911398	0.1	5	1326000	MINI_GENE_000964	0.3145392652568756
rsMINI000965	A	G	-0.17988728495988504	0.1	5	1328000	MINI_GENE_000965	0.07203879626204503
rsMINI000966	G	T	-0.03790270355400707	0.1	5	1330000	MINI_GENE_000966	0.7046677876371694
rsMINI000967	A	G	0.02651639867989819	0.1	5	1332000	MINI_GENE_000967	0.7908831365124576
rsMINI000968	A	C	0.05011475126737247	0.1	5	1334000	MINI_GENE_000968	0.6162673105332467
rsMINI000969	A	G	0.004149603345259456	0.1	5	1336000	MINI_GENE_000969	0.9669004549785699
rsMINI000970	G	T	0.06821392231462503	0.1	5	1338000	MINI_GENE_000970	0.495150920904528
rsMINI000971	A	G	-0.007125694500108678	0.1	5	1340000	MINI_GENE_000971	0.9431932609936864
rsMINI000972	C	T	0.04588098525697073	0.1	5	1342000	MINI_GENE_000972	0.6463707188981023
rsMINI000973	A	C	0.046768486375624196	0.1	5	1344000	MINI_GENE_000973	0.6400099669058839
rsMINI000974	G	T	-0.13281298663394134	0.1	5	1346000	MINI_GENE_000974	0.1841352084440435
rsMINI000975	A	C	0.031226848976679433	0.1	5	1348000	MINI_GENE_000975	0.7548364850682339
rsMINI000976	G	T	-0.028249099607670095	0.1	5	1350000	MINI_GENE_000976	0.7775670496555527
rsMINI000977	A	C	-0.01692017333639544	0.1	5	1352000	MINI_GENE_000977	0.8656379664222824
rsMINI000978	A	G	0.0017777900440334228	0.1	5	1354000	MINI_GENE_000978	0.9858160348683165
rsMINI000979	A	G	-0.07664413304064249	0.1	5	1356000	MINI_GENE_000979	0.4434137485445279
rsMINI000980	C	T	0.002110590690118957	0.1	5	1358000	MINI_GENE_000980	0.9831611729197833
rsMINI000981	A	C	-0.0214884171007717	0.1	5	1360000	MINI_GENE_000981	0.8298576263289286
rsMINI000982	C	T	-0.07917910971665643	0.1	5	1362000	MINI_GENE_000982	0.4284824942904762
rsMINI000983	A	C	0.08971838057883132	0.1	5	1364000	MINI_GENE_000983	0.36962084507342946
rsMINI000984	A	C	-0.03248760415010047	0.1	5	1366000	MINI_GENE_000984	0.7452748902917042
rsMINI000985	G	T	-0.01430845233861754	0.1	5	1368000	MINI_GENE_000985	0.8862234277178711
rsMINI000986	A	G	0.008859442611010057	0.1	5	1370000	MINI_GENE_000986	0.9294042379868988
rsMINI000987	A	G	-0.0305673084024713	0.1	5	1372000	MINI_GENE_000987	0.7598535688316848
rsMINI000988	A	C	-0.19981487679316665	0.1	5	1374000	MINI_GENE_000988	0.04570053391679896
rsMINI000989	C	T	-0.01124736725918691	0.1	5	1376000	MINI_GENE_000989	0.9104478434965219
rsMINI000990	A	C	0.16467992353264296	0.1	5	1378000	MINI_GENE_000990	0.09959931860213322
rsMINI000991	G	T	0.04108989844929535	0.1	5	1380000	MINI_GENE_000991	0.6811466070983181
rsMINI000992	C	T	-0.00033212709186352524	0.1	5	1382000	MINI_GENE_000992	0.9973500140837069
rsMINI000993	A	C	-0.07861353758006417	0.1	5	1384000	MINI_GENE_000993	0.4317881812748464
rsMINI000994	A	C	-0.13669045486211323	0.1	5	1386000	MINI_GENE_000994	0.17165522608549724
rsMINI000995	C	T	0.008823837861399127	0.1	5	1388000	MINI_GENE_000995	0.9296872145419873
rsMINI000996	A	G	0.04365416231830982	0.1	5	1390000	MINI_GENE_000996	0.6624438068109173
rsMINI000997	A	C	-0.05166963127717944	0.1	5	1392000	MINI_GENE_000997	0.6053681704159635
rsMINI000998	G	T	-0.023285843975027944	0.1	5	1394000	MINI_GENE_000998	0.8158713316191175
rsMINI000999	C	T	0.008404533495013222	0.1	5	1396000	MINI_GENE_000999	0.9330203871718629
rsMINI001000	C	A	-0.10842287586219257	0.1	5	1398000	MINI_GENE_001000	0.27826338353192065
