SNP	A1	A2	BETA	SE	TARGET_GENE
rsPRISMA00001	C	A	-0.16545802824015354	0.1	GENE_DEMO_00001
rsPRISMA00002	T	C	0.01747173394696677	0.1	GENE_DEMO_00002
rsPRISMA00003	T	C	-0.01489455394059036	0.1	GENE_DEMO_00003
rsPRISMA00004	A	C	0.049026039042306624	0.1	GENE_DEMO_00004
rsPRISMA00005	T	G	0.0021289646272415	0.1	GENE_DEMO_00005
rsPRISMA00006	C	T	0.02293553208506397	0.1	GENE_DEMO_00006
rsPRISMA00007	A	C	0.20214967485250682	0.1	GENE_DEMO_00007
rsPRISMA00008	T	C	0.07686428846536016	0.1	GENE_DEMO_00008
rsPRISMA00009	G	T	0.08082005807770426	0.1	GENE_DEMO_00009
rsPRISMA00010	G	A	-0.058018019669926826	0.1	GENE_DEMO_00010
rsPRISMA00011	A	C	0.10397654416529337	0.1	GENE_DEMO_00011
rsPRISMA00012	T	G	0.047066029930139884	0.1	GENE_DEMO_00012
rsPRISMA00013	G	A	-0.08033223823399126	0.1	GENE_DEMO_00013
rsPRISMA00014	C	T	-0.010287045216352556	0.1	GENE_DEMO_00014
rsPRISMA00015	C	A	-0.027805847203398494	0.1	GENE_DEMO_00015
rsPRISMA00016	C	T	-0.06176167494720804	0.1	GENE_DEMO_00016
rsPRISMA00017	T	G	-0.039622490039955806	0.1	GENE_DEMO_00017
rsPRISMA00018	A	C	0.029842706378500495	0.1	GENE_DEMO_00018
rsPRISMA00019	G	T	0.13069786073536718	0.1	GENE_DEMO_00019
rsPRISMA00020	A	C	0.07381911602430656	0.1	GENE_DEMO_00020
rsPRISMA00021	T	G	-0.010446143658710967	0.1	GENE_DEMO_00021
rsPRISMA00022	A	C	-0.14375869621297935	0.1	GENE_DEMO_00022
rsPRISMA00023	G	A	0.04394273222482162	0.1	GENE_DEMO_00023
rsPRISMA00024	A	G	0.017012702693532465	0.1	GENE_DEMO_00024
rsPRISMA00025	G	T	-0.02255497710483402	0.1	GENE_DEMO_00025
rsPRISMA00026	A	G	0.01175724165384531	0.1	GENE_DEMO_00026
rsPRISMA00027	A	C	0.03702479753364788	0.1	GENE_DEMO_00027
rsPRISMA00028	A	C	-0.09721843047325507	0.1	GENE_DEMO_00028
rsPRISMA00029	G	A	0.06819093409535847	0.1	GENE_DEMO_00029
rsPRISMA00030	G	T	-0.01627680772335672	0.1	GENE_DEMO_00030
rsPRISMA00031	G	T	0.35664383936096516	0.1	GENE_DEMO_00031
rsPRISMA00032	A	G	-0.0936671617499507	0.1	GENE_DEMO_00032
rsPRISMA00033	G	T	-0.13411491595809977	0.1	GENE_DEMO_00033
rsPRISMA00034	T	G	-0.14496535552103051	0.1	GENE_DEMO_00034
rsPRISMA00035	T	C	0.029448714183216807	0.1	GENE_DEMO_00035
rsPRISMA00036	A	C	0.01432265944774685	0.1	GENE_DEMO_00036
rsPRISMA00037	G	T	-0.11284377986829736	0.1	GENE_DEMO_00037
rsPRISMA00038	T	G	-0.042675042569894975	0.1	GENE_DEMO_00038
rsPRISMA00039	T	C	-0.08155020380728967	0.1	GENE_DEMO_00039
rsPRISMA00040	A	C	-0.17942493834150558	0.1	GENE_DEMO_00040
rsPRISMA00041	G	T	-0.036966171135495156	0.1	GENE_DEMO_00041
rsPRISMA00042	T	C	-0.034728420653540384	0.1	GENE_DEMO_00042
rsPRISMA00043	T	C	-0.09699082323804045	0.1	GENE_DEMO_00043
rsPRISMA00044	T	G	-0.0647270292318406	0.1	GENE_DEMO_00044
rsPRISMA00045	C	A	0.061472182694998434	0.1	GENE_DEMO_00045
rsPRISMA00046	C	T	-0.11140076984241803	0.1	GENE_DEMO_00046
rsPRISMA00047	C	A	-0.04626400415119855	0.1	GENE_DEMO_00047
rsPRISMA00048	G	T	-0.03919774550164158	0.1	GENE_DEMO_00048
rsPRISMA00049	C	A	0.3498025624620982	0.1	GENE_DEMO_00049
rsPRISMA00050	C	A	0.08530021678980382	0.1	GENE_DEMO_00050
rsPRISMA00051	C	A	0.03408299229665897	0.1	GENE_DEMO_00051
rsPRISMA00052	T	G	-0.11500436540920245	0.1	GENE_DEMO_00052
rsPRISMA00053	A	C	-0.11246825288328531	0.1	GENE_DEMO_00053
rsPRISMA00054	G	T	-0.020286893265491785	0.1	GENE_DEMO_00054
rsPRISMA00055	T	G	0.02897839109499005	0.1	GENE_DEMO_00055
rsPRISMA00056	A	C	0.007203466607235038	0.1	GENE_DEMO_00056
rsPRISMA00057	C	A	0.053700200616146665	0.1	GENE_DEMO_00057
rsPRISMA00058	G	T	-0.050593750298721374	0.1	GENE_DEMO_00058
rsPRISMA00059	T	C	0.054948072830830454	0.1	GENE_DEMO_00059
rsPRISMA00060	T	C	-0.04137672899997802	0.1	GENE_DEMO_00060
rsPRISMA00061	A	C	0.13664739679786106	0.1	GENE_DEMO_00061
rsPRISMA00062	C	T	-0.026364148544883642	0.1	GENE_DEMO_00062
rsPRISMA00063	G	T	0.029015220349632356	0.1	GENE_DEMO_00063
rsPRISMA00064	G	T	-0.021783255171276328	0.1	GENE_DEMO_00064
rsPRISMA00065	G	A	-0.1178885818836837	0.1	GENE_DEMO_00065
rsPRISMA00066	A	C	0.04450173269012007	0.1	GENE_DEMO_00066
rsPRISMA00067	T	C	-0.04763509851285381	0.1	GENE_DEMO_00067
rsPRISMA00068	G	T	-0.02016796794326082	0.1	GENE_DEMO_00068
rsPRISMA00069	C	T	0.0038019379013771643	0.1	GENE_DEMO_00069
rsPRISMA00070	T	C	-0.10108224919262494	0.1	GENE_DEMO_00070
rsPRISMA00071	G	T	-0.06334988915879894	0.1	GENE_DEMO_00071
rsPRISMA00072	C	A	-0.020966241066586233	0.1	GENE_DEMO_00072
rsPRISMA00073	T	C	0.03335272630218682	0.1	GENE_DEMO_00073
rsPRISMA00074	G	T	-0.03178225779309815	0.1	GENE_DEMO_00074
rsPRISMA00075	T	C	-0.03987618908867021	0.1	GENE_DEMO_00075
rsPRISMA00076	A	C	-0.17511973621159616	0.1	GENE_DEMO_00076
rsPRISMA00077	C	A	0.10896888226901376	0.1	GENE_DEMO_00077
rsPRISMA00078	T	C	-0.019359804707283657	0.1	GENE_DEMO_00078
rsPRISMA00079	C	A	-0.047289928508712	0.1	GENE_DEMO_00079
rsPRISMA00080	T	C	-0.015341878492630953	0.1	GENE_DEMO_00080
rsPRISMA00081	C	A	0.05630423247960076	0.1	GENE_DEMO_00081
rsPRISMA00082	G	A	0.14888059243715396	0.1	GENE_DEMO_00082
rsPRISMA00083	A	G	-0.09771160554469552	0.1	GENE_DEMO_00083
rsPRISMA00084	C	A	0.060146832077859924	0.1	GENE_DEMO_00084
rsPRISMA00085	C	A	-0.08024564463273437	0.1	GENE_DEMO_00085
rsPRISMA00086	A	G	0.04765347122025621	0.1	GENE_DEMO_00086
rsPRISMA00087	T	G	-0.006718730201318738	0.1	GENE_DEMO_00087
rsPRISMA00088	C	T	-0.09264849905699307	0.1	GENE_DEMO_00088
rsPRISMA00089	A	C	-0.06563182840726915	0.1	GENE_DEMO_00089
rsPRISMA00090	C	T	-0.01906474066810257	0.1	GENE_DEMO_00090
rsPRISMA00091	G	T	0.17545072717171561	0.1	GENE_DEMO_00091
rsPRISMA00092	T	C	0.0005567860564528597	0.1	GENE_DEMO_00092
rsPRISMA00093	C	A	-0.0556157249005977	0.1	GENE_DEMO_00093
rsPRISMA00094	T	G	-0.02241488945507777	0.1	GENE_DEMO_00094
rsPRISMA00095	T	C	0.05858495930164667	0.1	GENE_DEMO_00095
rsPRISMA00096	A	C	-0.044922451170852105	0.1	GENE_DEMO_00096
rsPRISMA00097	A	C	0.014393788522175856	0.1	GENE_DEMO_00097
rsPRISMA00098	C	T	-0.002225017865853854	0.1	GENE_DEMO_00098
rsPRISMA00099	T	G	-0.022663109702980706	0.1	GENE_DEMO_00099
rsPRISMA00100	T	G	0.20709821945658535	0.1	GENE_DEMO_00100
rsPRISMA00101	T	C	-0.01820175531522001	0.1	GENE_DEMO_00101
rsPRISMA00102	T	G	0.064736575487834	0.1	GENE_DEMO_00102
rsPRISMA00103	G	T	-0.02445909682036347	0.1	GENE_DEMO_00103
rsPRISMA00104	A	C	-0.011751119472647772	0.1	GENE_DEMO_00104
rsPRISMA00105	T	G	0.041401027469347956	0.1	GENE_DEMO_00105
rsPRISMA00106	A	G	0.08604993678375038	0.1	GENE_DEMO_00106
rsPRISMA00107	T	G	-0.09470192377440041	0.1	GENE_DEMO_00107
rsPRISMA00108	T	C	-0.03998261670805239	0.1	GENE_DEMO_00108
rsPRISMA00109	A	G	0.17303675624196813	0.1	GENE_DEMO_00109
rsPRISMA00110	T	C	-0.02288693005639171	0.1	GENE_DEMO_00110
rsPRISMA00111	C	T	-0.13111653143661384	0.1	GENE_DEMO_00111
rsPRISMA00112	G	A	-0.16127361431799475	0.1	GENE_DEMO_00112
rsPRISMA00113	C	T	0.0426891839209611	0.1	GENE_DEMO_00113
rsPRISMA00114	G	A	0.014312896693754979	0.1	GENE_DEMO_00114
rsPRISMA00115	G	A	0.06411053742176447	0.1	GENE_DEMO_00115
rsPRISMA00116	A	G	0.0865865559215407	0.1	GENE_DEMO_00116
rsPRISMA00117	G	T	-0.03452001763938318	0.1	GENE_DEMO_00117
rsPRISMA00118	T	G	0.030992819565055882	0.1	GENE_DEMO_00118
rsPRISMA00119	T	C	-0.023292018549382426	0.1	GENE_DEMO_00119
rsPRISMA00120	A	C	0.05881093229182251	0.1	GENE_DEMO_00120
rsPRISMA00121	G	T	0.19979284500746514	0.1	GENE_DEMO_00121
rsPRISMA00122	G	T	-0.0025269126272630116	0.1	GENE_DEMO_00122
rsPRISMA00123	A	C	-0.17480322709088447	0.1	GENE_DEMO_00123
rsPRISMA00124	C	A	0.21289704639723184	0.1	GENE_DEMO_00124
rsPRISMA00125	G	T	0.040821777320351665	0.1	GENE_DEMO_00125
rsPRISMA00126	C	T	-0.05971592064528708	0.1	GENE_DEMO_00126
rsPRISMA00127	C	T	-0.08605488914195414	0.1	GENE_DEMO_00127
rsPRISMA00128	T	G	-0.18682418108827617	0.1	GENE_DEMO_00128
rsPRISMA00129	C	A	0.05465620252438877	0.1	GENE_DEMO_00129
rsPRISMA00130	C	T	-0.20012108955411897	0.1	GENE_DEMO_00130
rsPRISMA00131	A	C	0.03312121687657109	0.1	GENE_DEMO_00131
rsPRISMA00132	A	G	-0.0077954406921664915	0.1	GENE_DEMO_00132
rsPRISMA00133	C	T	-0.3320554384774137	0.1	GENE_DEMO_00133
rsPRISMA00134	C	A	-0.04406193828008584	0.1	GENE_DEMO_00134
rsPRISMA00135	C	T	0.016729919089676054	0.1	GENE_DEMO_00135
rsPRISMA00136	C	T	-0.03704992201065854	0.1	GENE_DEMO_00136
rsPRISMA00137	G	A	0.03127514932819465	0.1	GENE_DEMO_00137
rsPRISMA00138	C	A	-0.06395970484319283	0.1	GENE_DEMO_00138
rsPRISMA00139	G	T	-0.1194404927405119	0.1	GENE_DEMO_00139
rsPRISMA00140	G	T	-0.08285027393368025	0.1	GENE_DEMO_00140
rsPRISMA00141	C	A	-0.09949297330141439	0.1	GENE_DEMO_00141
rsPRISMA00142	G	T	-0.11734472648842303	0.1	GENE_DEMO_00142
rsPRISMA00143	A	C	0.07179485311164834	0.1	GENE_DEMO_00143
rsPRISMA00144	T	C	-0.045726692394121395	0.1	GENE_DEMO_00144
rsPRISMA00145	A	G	0.0023377855823286386	0.1	GENE_DEMO_00145
rsPRISMA00146	C	A	-0.08066326415060285	0.1	GENE_DEMO_00146
rsPRISMA00147	A	C	0.02625178392512564	0.1	GENE_DEMO_00147
rsPRISMA00148	C	A	0.25945508484096186	0.1	GENE_DEMO_00148
rsPRISMA00149	T	C	-0.041391081804897895	0.1	GENE_DEMO_00149
rsPRISMA00150	C	A	0.022560164357209447	0.1	GENE_DEMO_00150
rsPRISMA00151	G	T	-0.08033510832960855	0.1	GENE_DEMO_00151
rsPRISMA00152	C	T	-0.08719421161061908	0.1	GENE_DEMO_00152
rsPRISMA00153	T	G	-0.052017596418378734	0.1	GENE_DEMO_00153
rsPRISMA00154	A	C	0.16125325915781158	0.1	GENE_DEMO_00154
rsPRISMA00155	T	C	0.01817432878486978	0.1	GENE_DEMO_00155
rsPRISMA00156	C	T	-0.07094712306498217	0.1	GENE_DEMO_00156
rsPRISMA00157	A	C	0.08466440692352939	0.1	GENE_DEMO_00157
rsPRISMA00158	G	T	-0.04485179579382095	0.1	GENE_DEMO_00158
rsPRISMA00159	G	A	0.016594192585429723	0.1	GENE_DEMO_00159
rsPRISMA00160	A	G	-0.1506393324920906	0.1	GENE_DEMO_00160
rsPRISMA00161	A	G	0.015206985864422613	0.1	GENE_DEMO_00161
rsPRISMA00162	G	T	-0.0017410873621994721	0.1	GENE_DEMO_00162
rsPRISMA00163	T	C	-0.1575387941839028	0.1	GENE_DEMO_00163
rsPRISMA00164	C	T	-0.06708036685335571	0.1	GENE_DEMO_00164
rsPRISMA00165	T	C	0.0850624195768205	0.1	GENE_DEMO_00165
rsPRISMA00166	G	T	0.20795330558907354	0.1	GENE_DEMO_00166
rsPRISMA00167	C	T	0.023821649860464235	0.1	GENE_DEMO_00167
rsPRISMA00168	C	T	0.06740042811822188	0.1	GENE_DEMO_00168
rsPRISMA00169	C	T	-0.007174350861514245	0.1	GENE_DEMO_00169
rsPRISMA00170	G	T	0.04095242648110231	0.1	GENE_DEMO_00170
rsPRISMA00171	G	A	-0.028964530135449806	0.1	GENE_DEMO_00171
rsPRISMA00172	A	C	0.16399008866903514	0.1	GENE_DEMO_00172
rsPRISMA00173	G	A	0.016648021815817433	0.1	GENE_DEMO_00173
rsPRISMA00174	A	C	0.0848552745362191	0.1	GENE_DEMO_00174
rsPRISMA00175	C	T	-0.13784642651517956	0.1	GENE_DEMO_00175
rsPRISMA00176	T	G	0.01088403319839075	0.1	GENE_DEMO_00176
rsPRISMA00177	C	A	-0.02516174627535932	0.1	GENE_DEMO_00177
rsPRISMA00178	A	G	0.02485934687031496	0.1	GENE_DEMO_00178
rsPRISMA00179	C	A	-0.03380395681462238	0.1	GENE_DEMO_00179
rsPRISMA00180	C	T	-0.06380995450082942	0.1	GENE_DEMO_00180
rsPRISMA00181	T	C	0.1547777218291476	0.1	GENE_DEMO_00181
rsPRISMA00182	T	G	-0.017924141988694176	0.1	GENE_DEMO_00182
rsPRISMA00183	G	A	-0.0583983018162455	0.1	GENE_DEMO_00183
rsPRISMA00184	T	C	0.03780584601043527	0.1	GENE_DEMO_00184
rsPRISMA00185	T	G	-0.04199147997543541	0.1	GENE_DEMO_00185
rsPRISMA00186	G	A	-0.05243487817262169	0.1	GENE_DEMO_00186
rsPRISMA00187	C	A	0.09121588613154663	0.1	GENE_DEMO_00187
rsPRISMA00188	G	T	0.06126757067227034	0.1	GENE_DEMO_00188
rsPRISMA00189	A	C	-0.004898407114440251	0.1	GENE_DEMO_00189
rsPRISMA00190	C	A	-0.039839765820455675	0.1	GENE_DEMO_00190
rsPRISMA00191	A	G	-0.1107218051537273	0.1	GENE_DEMO_00191
rsPRISMA00192	A	C	0.059193106522720834	0.1	GENE_DEMO_00192
rsPRISMA00193	G	T	0.0850151851874387	0.1	GENE_DEMO_00193
rsPRISMA00194	A	G	-0.02571495843553199	0.1	GENE_DEMO_00194
rsPRISMA00195	T	C	0.015833688278463057	0.1	GENE_DEMO_00195
rsPRISMA00196	T	G	0.041924103369397434	0.1	GENE_DEMO_00196
rsPRISMA00197	T	C	-0.06464831648519491	0.1	GENE_DEMO_00197
rsPRISMA00198	T	G	0.03565093710518243	0.1	GENE_DEMO_00198
rsPRISMA00199	G	A	0.22887352141239026	0.1	GENE_DEMO_00199
rsPRISMA00200	G	T	0.06903288623384764	0.1	GENE_DEMO_00200
rsPRISMA00201	G	A	0.02582916526393721	0.1	GENE_DEMO_00201
rsPRISMA00202	T	G	-0.029992611100117805	0.1	GENE_DEMO_00202
rsPRISMA00203	T	G	-0.0478094766543181	0.1	GENE_DEMO_00203
rsPRISMA00204	T	C	-0.1400152958186875	0.1	GENE_DEMO_00204
rsPRISMA00205	T	G	0.055327732901015315	0.1	GENE_DEMO_00205
rsPRISMA00206	C	T	-0.05112153375650148	0.1	GENE_DEMO_00206
rsPRISMA00207	A	C	0.06519683343188064	0.1	GENE_DEMO_00207
rsPRISMA00208	C	T	0.20328390319233014	0.1	GENE_DEMO_00208
rsPRISMA00209	T	G	0.036614583231457914	0.1	GENE_DEMO_00209
rsPRISMA00210	T	G	0.01066568327196251	0.1	GENE_DEMO_00210
rsPRISMA00211	G	A	-0.18280595800904043	0.1	GENE_DEMO_00211
rsPRISMA00212	T	G	-0.02818026170968751	0.1	GENE_DEMO_00212
rsPRISMA00213	A	C	0.031212421341127835	0.1	GENE_DEMO_00213
rsPRISMA00214	T	C	-0.2896550839181769	0.1	GENE_DEMO_00214
rsPRISMA00215	C	A	-0.043250386586719515	0.1	GENE_DEMO_00215
rsPRISMA00216	C	T	0.05198503580115091	0.1	GENE_DEMO_00216
rsPRISMA00217	T	C	0.11804200717048197	0.1	GENE_DEMO_00217
rsPRISMA00218	T	C	0.03682559307029946	0.1	GENE_DEMO_00218
rsPRISMA00219	A	C	0.005833348273400551	0.1	GENE_DEMO_00219
rsPRISMA00220	C	T	-0.02204822021154709	0.1	GENE_DEMO_00220
rsPRISMA00221	A	G	-0.07088461372355523	0.1	GENE_DEMO_00221
rsPRISMA00222	C	T	0.0204232446186276	0.1	GENE_DEMO_00222
rsPRISMA00223	G	A	0.19089579013822494	0.1	GENE_DEMO_00223
rsPRISMA00224	A	C	0.017690249217335828	0.1	GENE_DEMO_00224
rsPRISMA00225	G	A	-0.05191246023183665	0.1	GENE_DEMO_00225
rsPRISMA00226	G	T	0.04558740429388744	0.1	GENE_DEMO_00226
rsPRISMA00227	A	C	-0.05431639009283595	0.1	GENE_DEMO_00227
rsPRISMA00228	C	T	-0.006863467272535873	0.1	GENE_DEMO_00228
rsPRISMA00229	G	A	0.014936990052125287	0.1	GENE_DEMO_00229
rsPRISMA00230	A	C	0.04559381355367236	0.1	GENE_DEMO_00230
rsPRISMA00231	T	C	-0.048282303880529724	0.1	GENE_DEMO_00231
rsPRISMA00232	G	T	-0.0886066840485666	0.1	GENE_DEMO_00232
rsPRISMA00233	A	C	0.02221849440376252	0.1	GENE_DEMO_00233
rsPRISMA00234	G	T	0.007409243754641213	0.1	GENE_DEMO_00234
rsPRISMA00235	T	C	-0.0435402287893812	0.1	GENE_DEMO_00235
rsPRISMA00236	G	T	0.009588245083705888	0.1	GENE_DEMO_00236
rsPRISMA00237	G	A	-0.03702098086237627	0.1	GENE_DEMO_00237
rsPRISMA00238	T	C	0.20623266624926098	0.1	GENE_DEMO_00238
rsPRISMA00239	A	C	0.008626172900752288	0.1	GENE_DEMO_00239
rsPRISMA00240	T	C	0.13025013146170425	0.1	GENE_DEMO_00240
