SNP	CHR	BP	effect_allele	other_allele	beta	se	pval
rsPRISMA00001	1	1010000	C	A	0.06826809230810511	0.08	0.3934646005234936
rsPRISMA00002	1	1020000	T	C	0.06829434343716778	0.08	0.39328271051195757
rsPRISMA00003	1	1030000	T	C	-0.018866556017309546	0.08	0.813563074619915
rsPRISMA00004	1	1040000	A	C	0.13602638386432284	0.08	0.08906890845255933
rsPRISMA00005	1	1050000	T	G	0.033174760812702424	0.08	0.6783728731805134
rsPRISMA00006	1	1060000	C	T	0.0604715984073747	0.08	0.4497121639324204
rsPRISMA00007	1	1070000	A	C	0.2959881973046188	0.08	0.0002157248399736172
rsPRISMA00008	1	1080000	T	C	0.04352151468887108	0.08	0.5864284438926489
rsPRISMA00009	1	1090000	G	T	0.056331404429307494	0.08	0.48134400075312267
rsPRISMA00010	1	1100000	G	A	0.011374671044041147	0.08	0.8869351528908826
rsPRISMA00011	1	1110000	A	C	0.10179698604693942	0.08	0.20320890173740347
rsPRISMA00012	1	1120000	T	G	0.04460569724432245	0.08	0.5771372166152924
rsPRISMA00013	1	1130000	G	A	-0.06042196412872694	0.08	0.4500842647424961
rsPRISMA00014	1	1140000	C	T	-0.18500129814525232	0.08	0.020749252141410934
rsPRISMA00015	1	1150000	C	A	-0.08351509060562812	0.08	0.29651378289532987
rsPRISMA00016	1	1160000	C	T	-0.07421922003714393	0.08	0.35354232417307846
rsPRISMA00017	1	1170000	T	G	0.030413492542205912	0.08	0.7038202239294834
rsPRISMA00018	1	1180000	A	C	0.049028164060932244	0.08	0.5399741704497338
rsPRISMA00019	1	1190000	G	T	0.2403081087883124	0.08	0.0026658553159328692
rsPRISMA00020	1	1200000	C	A	-0.12367888359721688	0.08	0.12210793812131027
rsPRISMA00021	1	1210000	T	G	0.011435506459471561	0.08	0.8863345420612647
rsPRISMA00022	1	1220000	A	C	-0.21700125969760542	0.08	0.006677460880412533
rsPRISMA00023	1	1230000	G	A	0.0834427071671147	0.08	0.2969326204117171
rsPRISMA00024	1	1240000	A	G	0.15608549387737544	0.08	0.05104887713178887
rsPRISMA00025	1	1250000	G	T	-0.13682695823783225	0.08	0.08720357761659092
rsPRISMA00026	1	1260000	A	G	-0.05558342939938729	0.08	0.48718511869927184
rsPRISMA00027	1	1270000	A	C	-0.11493274239640075	0.08	0.15081483063874762
rsPRISMA00028	1	1280000	A	C	-0.06640368746532578	0.08	0.40651272350213763
rsPRISMA00029	1	1290000	G	A	0.09551877395198095	0.08	0.23248396304520114
rsPRISMA00030	1	1300000	T	G	0.11325099368350593	0.08	0.15688168911696904
rsPRISMA00031	1	1310000	G	T	0.28930614195517296	0.08	0.0002988131215006081
rsPRISMA00032	1	1320000	A	G	-0.1245087389159809	0.08	0.11962269272127471
rsPRISMA00033	1	1330000	G	T	0.01730082572795955	0.08	0.8287848359865929
rsPRISMA00034	1	1340000	T	G	-0.057082652413077105	0.08	0.47551590432407953
rsPRISMA00035	1	1350000	T	C	-0.08973265188868186	0.08	0.26200781750768115
rsPRISMA00036	1	1360000	A	C	0.0027213908262340605	0.08	0.9728632872370812
rsPRISMA00037	1	1370000	G	T	-0.07720084235127363	0.08	0.33453953792802826
rsPRISMA00038	1	1380000	T	G	0.01762429944757612	0.08	0.8256346052052335
rsPRISMA00039	1	1390000	T	C	-0.22318979720910026	0.08	0.005272880744523604
rsPRISMA00040	1	1400000	A	C	-0.059176178218233184	0.08	0.45948069606782843
rsPRISMA00041	1	1410000	G	T	0.007640618795442986	0.08	0.9239115467510639
rsPRISMA00042	1	1420000	T	C	0.08688068704639744	0.08	0.27747519270099763
rsPRISMA00043	1	1430000	T	C	-0.15360041194667223	0.08	0.054857248982506136
rsPRISMA00044	1	1440000	T	G	-0.05952583941284499	0.08	0.45683231718101164
rsPRISMA00045	1	1450000	C	A	-0.041516078800659155	0.08	0.6037949221529314
rsPRISMA00046	1	1460000	C	T	-0.05918919274365642	0.08	0.4593819685706643
rsPRISMA00047	1	1470000	C	A	0.1440403673202975	0.08	0.07178099924315355
rsPRISMA00048	1	1480000	G	T	0.13279073512959702	0.08	0.09693775276470537
rsPRISMA00049	1	1490000	C	A	0.11529965280301382	0.08	0.1495152929981529
rsPRISMA00050	1	1500000	C	A	0.22697638347628918	0.08	0.004551041048437078
rsPRISMA00051	1	1510000	C	A	-0.016691689042671036	0.08	0.8347245097268199
rsPRISMA00052	1	1520000	T	G	-0.15034452915841176	0.08	0.06020263905872887
rsPRISMA00053	1	1530000	A	C	-0.19800852128705093	0.08	0.013319644429436846
rsPRISMA00054	1	1540000	G	T	-0.0534933927886228	0.08	0.5037076612175343
rsPRISMA00055	1	1550000	G	T	-0.12663885710768377	0.08	0.11342472060706793
rsPRISMA00056	1	1560000	A	C	0.2284643905473641	0.08	0.004292788559786418
rsPRISMA00057	1	1570000	C	A	0.02817646231340132	0.08	0.7246839433344863
rsPRISMA00058	1	1580000	G	T	0.00880216564690067	0.08	0.9123879060251869
rsPRISMA00059	1	1590000	T	C	-0.13140401769835572	0.08	0.10047602723611801
rsPRISMA00060	1	1600000	T	C	-0.10611837234516237	0.08	0.18468086994886945
rsPRISMA00061	1	1610000	A	C	0.1649910478021345	0.08	0.03917080158109575
rsPRISMA00062	1	1620000	C	T	-0.022983245426280795	0.08	0.7738898441796039
rsPRISMA00063	1	1630000	G	T	-0.019064416869821663	0.08	0.8116443800664125
rsPRISMA00064	1	1640000	G	T	-0.004085073689646919	0.08	0.9592749836646387
rsPRISMA00065	1	1650000	G	A	0.06551032587937307	0.08	0.4128554104235283
rsPRISMA00066	1	1660000	A	C	0.12719920411627075	0.08	0.1118370475427808
rsPRISMA00067	1	1670000	C	T	-0.048626649333374704	0.08	0.5432981626596395
rsPRISMA00068	1	1680000	G	T	-0.05601766828019661	0.08	0.4837893903584448
rsPRISMA00069	1	1690000	C	T	-0.030091713560486424	0.08	0.7068080462192157
rsPRISMA00070	1	1700000	T	C	-0.05865809026187268	0.08	0.46342052182404586
rsPRISMA00071	1	1710000	G	T	0.02334289678931678	0.08	0.7704500895919042
rsPRISMA00072	1	1720000	C	A	-0.11140216175460686	0.08	0.1637628647662275
rsPRISMA00073	1	1730000	T	C	0.07327194079410107	0.08	0.3597197350103569
rsPRISMA00074	1	1740000	T	G	0.11746300576642621	0.08	0.1420261253240812
rsPRISMA00075	1	1750000	T	C	0.06382452986703997	0.08	0.4249827171228733
rsPRISMA00076	1	1760000	A	C	-0.11848334190174115	0.08	0.1385954421352104
rsPRISMA00077	1	1770000	C	A	-0.04770385342886753	0.08	0.5509760547930485
rsPRISMA00078	1	1780000	T	C	0.03448384964893113	0.08	0.6664333816729089
rsPRISMA00079	1	1790000	C	A	-0.0077143394573216855	0.08	0.9231796676102155
rsPRISMA00080	1	1800000	T	C	-0.012117142282282419	0.08	0.8796094873057535
rsPRISMA00081	2	1010000	C	A	0.08456763345033254	0.08	0.29046804210950994
rsPRISMA00082	2	1020000	A	G	-0.195953540493157	0.08	0.014308678711089394
rsPRISMA00083	2	1030000	A	G	-0.029218661063012314	0.08	0.7149372903105128
rsPRISMA00084	2	1040000	C	A	0.04910689097145299	0.08	0.5393236148200273
rsPRISMA00085	2	1050000	C	A	-0.055607488631085666	0.08	0.48699664037395696
rsPRISMA00086	2	1060000	G	A	-0.04653574539523152	0.08	0.560770915609548
rsPRISMA00087	2	1070000	T	G	0.0981117644242147	0.08	0.22004929362495834
rsPRISMA00088	2	1080000	C	T	-0.032729140277355684	0.08	0.6824558166262722
rsPRISMA00089	2	1090000	A	C	-0.07068011814249467	0.08	0.37696538498316307
rsPRISMA00090	2	1100000	C	T	0.07931243193251729	0.08	0.32148766491972547
rsPRISMA00091	2	1110000	G	T	0.0291886192890947	0.08	0.7152176005685776
rsPRISMA00092	2	1120000	T	C	-0.0032796708745919255	0.08	0.9672991756569898
rsPRISMA00093	2	1130000	C	A	-0.08229445012764171	0.08	0.30362977661741436
rsPRISMA00094	2	1140000	T	G	0.05150632524855179	0.08	0.5196862837233969
rsPRISMA00095	2	1150000	C	T	-0.03140825240143523	0.08	0.6946126089346286
rsPRISMA00096	2	1160000	A	C	-0.09949325824064315	0.08	0.21362261450218026
rsPRISMA00097	2	1170000	A	C	0.012630078971867765	0.08	0.8745545202201902
rsPRISMA00098	2	1180000	C	T	-0.004164742126681915	0.08	0.9584814615182602
rsPRISMA00099	2	1190000	T	G	-0.07315505802811444	0.08	0.36048662379915597
rsPRISMA00100	2	1200000	T	G	0.25141689594001126	0.08	0.0016739090597008954
rsPRISMA00101	2	1210000	T	C	-0.01704439302229342	0.08	0.8312841315864146
rsPRISMA00102	2	1220000	T	G	0.03749895452320569	0.08	0.6392576853122114
rsPRISMA00103	2	1230000	G	T	-0.015467373273485187	0.08	0.8466910056358592
rsPRISMA00104	2	1240000	A	C	-0.13188610016373833	0.08	0.09923447723079742
rsPRISMA00105	2	1250000	T	G	0.01305069935161296	0.08	0.8704131334481786
rsPRISMA00106	2	1260000	A	G	-0.016876013716693127	0.08	0.8329261537409725
rsPRISMA00107	2	1270000	T	G	-0.09301631730909563	0.08	0.24494963180681406
rsPRISMA00108	2	1280000	T	C	-0.00964847830809779	0.08	0.9040031329776884
rsPRISMA00109	2	1290000	A	G	0.01017249874914894	0.08	0.898816744043335
rsPRISMA00110	2	1300000	T	C	-0.017699484469558192	0.08	0.8249027967622145
rsPRISMA00111	2	1310000	C	T	0.04620907852763297	0.08	0.5635251028961332
rsPRISMA00112	2	1320000	A	G	0.06338365273829365	0.08	0.42818830213725967
rsPRISMA00113	2	1330000	C	T	0.03212620928990159	0.08	0.6879949059925163
rsPRISMA00114	2	1340000	G	A	-0.18199289605977342	0.08	0.02291125729657798
rsPRISMA00115	2	1350000	G	A	0.14521994775118938	0.08	0.06948559933449036
rsPRISMA00116	2	1360000	A	G	-0.10724293791319395	0.08	0.18007091330002736
rsPRISMA00117	2	1370000	G	T	0.1326519406309585	0.08	0.09728734368757783
rsPRISMA00118	2	1380000	T	G	0.025597689639868238	0.08	0.7489902230799246
rsPRISMA00119	2	1390000	T	C	-0.1628413735920017	0.08	0.04179886270123867
rsPRISMA00120	2	1400000	A	C	-0.1228656743311465	0.08	0.12458230517631781
rsPRISMA00121	2	1410000	T	G	-0.0857628470371877	0.08	0.2837040478701338
rsPRISMA00122	2	1420000	G	T	0.18749569727460041	0.08	0.019093716005870873
rsPRISMA00123	2	1430000	A	C	-0.10511586485859659	0.08	0.1888635994374672
rsPRISMA00124	2	1440000	C	A	0.19004934076522279	0.08	0.01751964856470023
rsPRISMA00125	2	1450000	G	T	-0.26900642769068395	0.08	0.0007721765153239333
rsPRISMA00126	2	1460000	C	T	-0.03458231025282897	0.08	0.6655387366119319
rsPRISMA00127	2	1470000	C	T	-0.08300130000572692	0.08	0.29949532646025234
rsPRISMA00128	2	1480000	T	G	0.0738820818170782	0.08	0.35573314559008623
rsPRISMA00129	2	1490000	C	A	-0.06036437517711675	0.08	0.45051621912089657
rsPRISMA00130	2	1500000	C	T	-0.07146859499253613	0.08	0.3716657881086071
rsPRISMA00131	2	1510000	A	C	0.013486390410750726	0.08	0.8661271073672561
rsPRISMA00132	2	1520000	A	G	0.06450781499906195	0.08	0.42004240115925034
rsPRISMA00133	2	1530000	C	T	-0.24159879996803937	0.08	0.0025278720492040584
rsPRISMA00134	2	1540000	C	A	0.015623675711063923	0.08	0.8451612702888035
rsPRISMA00135	2	1550000	C	T	-0.11855393966039653	0.08	0.13836045288407986
rsPRISMA00136	2	1560000	C	T	-0.039526998603454155	0.08	0.6212443977172818
rsPRISMA00137	2	1570000	G	A	0.09297567711213427	0.08	0.24515587375481784
rsPRISMA00138	2	1580000	C	A	-0.14047500242782562	0.08	0.0790990757911092
rsPRISMA00139	2	1590000	G	T	-0.07408302326376943	0.08	0.3544263412227882
rsPRISMA00140	2	1600000	G	T	-0.1329956097094584	0.08	0.09642355818533607
rsPRISMA00141	2	1610000	C	A	-0.06072529675386969	0.08	0.4478129513738907
rsPRISMA00142	2	1620000	G	T	-0.1475367411899732	0.08	0.06515264866300384
rsPRISMA00143	2	1630000	A	C	0.1020624895725725	0.08	0.20203290351659237
rsPRISMA00144	2	1640000	T	C	-0.05772941711504755	0.08	0.4705295452828695
rsPRISMA00145	2	1650000	A	G	-0.054999342149552585	0.08	0.49177288091219573
rsPRISMA00146	2	1660000	C	A	-0.12159761646868841	0.08	0.1285184639473449
rsPRISMA00147	2	1670000	A	C	-0.15538944939416172	0.08	0.052092552120165246
rsPRISMA00148	2	1680000	C	A	0.1498779853576803	0.08	0.06100284707401383
rsPRISMA00149	2	1690000	T	C	-0.07165066300504237	0.08	0.37044865119918224
rsPRISMA00150	2	1700000	C	A	0.02253579773320901	0.08	0.7781754933331644
rsPRISMA00151	2	1710000	G	T	-0.12026735214721812	0.08	0.1327509000780121
rsPRISMA00152	2	1720000	C	T	-0.16675353250499442	0.08	0.03712205684212162
rsPRISMA00153	2	1730000	T	G	0.021388253232684836	0.08	0.789197255882216
rsPRISMA00154	2	1740000	A	C	0.18275696708677572	0.08	0.02234438820579566
rsPRISMA00155	2	1750000	T	C	-0.06572124263200531	0.08	0.4113526801617033
rsPRISMA00156	2	1760000	C	T	-0.13086454331172012	0.08	0.10188003021680933
rsPRISMA00157	2	1770000	A	C	0.07312244239020955	0.08	0.360700803825423
rsPRISMA00158	2	1780000	G	T	-0.07038220327570602	0.08	0.3789798336348632
rsPRISMA00159	2	1790000	A	G	0.1328193491200544	0.08	0.09686580585729007
rsPRISMA00160	2	1800000	A	G	-0.08217717312579889	0.08	0.30431939459574875
rsPRISMA00161	3	1010000	A	G	0.10280787878137396	0.08	0.19875787101788378
rsPRISMA00162	3	1020000	G	T	-0.07268231303286396	0.08	0.36359884517231933
rsPRISMA00163	3	1030000	T	C	-0.15133824406677732	0.08	0.05852722390688254
rsPRISMA00164	3	1040000	C	T	-0.1251234675631329	0.08	0.11780738961575397
rsPRISMA00165	3	1050000	T	C	0.003970549829844146	0.08	0.9604157470431449
rsPRISMA00166	3	1060000	G	T	0.15598257474596225	0.08	0.05120208587957985
rsPRISMA00167	3	1070000	C	T	0.00985589560481153	0.08	0.9019497588890533
rsPRISMA00168	3	1080000	C	T	0.05826877070686745	0.08	0.4663934664552156
rsPRISMA00169	3	1090000	C	T	-0.0006320941232346234	0.08	0.9936958388195954
rsPRISMA00170	3	1100000	G	T	0.08835242086144274	0.08	0.2694173797587537
rsPRISMA00171	3	1110000	G	A	0.061267326534058454	0.08	0.44377056911837065
rsPRISMA00172	3	1120000	A	C	0.023117436057817436	0.08	0.7726059033998163
rsPRISMA00173	3	1130000	G	A	0.002386294643396787	0.08	0.9762036831804546
rsPRISMA00174	3	1140000	C	A	0.13911417856472263	0.08	0.08204756345755505
rsPRISMA00175	3	1150000	C	T	-0.09998990905634926	0.08	0.21134562850703809
rsPRISMA00176	3	1160000	T	G	-0.08779330779757594	0.08	0.27245943045302956
rsPRISMA00177	3	1170000	C	A	-0.2182563722218359	0.08	0.006368008682062743
rsPRISMA00178	3	1180000	A	G	0.0776692959904962	0.08	0.33161491159046297
rsPRISMA00179	3	1190000	C	A	0.1421693823669949	0.08	0.07554894570567502
rsPRISMA00180	3	1200000	C	T	-0.08655241125567863	0.08	0.27929468039373667
rsPRISMA00181	3	1210000	T	C	0.1694694316846816	0.08	0.03414392256713031
rsPRISMA00182	3	1220000	G	T	-0.06267011035499805	0.08	0.43340612268846734
rsPRISMA00183	3	1230000	A	G	0.05885431632351379	0.08	0.46192610058630906
rsPRISMA00184	3	1240000	T	C	-0.0525790634839918	0.08	0.511027706516892
rsPRISMA00185	3	1250000	T	G	0.04559250033286516	0.08	0.568741282778027
rsPRISMA00186	3	1260000	G	A	0.15080447690594526	0.08	0.05942228285724486
rsPRISMA00187	3	1270000	C	A	0.1093074789477046	0.08	0.17183117770548648
rsPRISMA00188	3	1280000	G	T	-0.10153535300259386	0.08	0.20437262483389784
rsPRISMA00189	3	1290000	A	C	-0.09641232338460634	0.08	0.22814384030235307
rsPRISMA00190	3	1300000	C	A	-0.06319559979684639	0.08	0.4295598909239374
rsPRISMA00191	3	1310000	G	A	-0.056989811861782924	0.08	0.47623404814992565
rsPRISMA00192	3	1320000	A	C	0.07695929652609994	0.08	0.33605402108693555
rsPRISMA00193	3	1330000	G	T	0.13981573638042238	0.08	0.08051655973138921
rsPRISMA00194	3	1340000	A	G	-0.13988604094937743	0.08	0.08036442230700382
rsPRISMA00195	3	1350000	T	C	-0.05919703215273077	0.08	0.45932250496499494
rsPRISMA00196	3	1360000	T	G	-0.016674440049989494	0.08	0.8348928431919574
rsPRISMA00197	3	1370000	T	C	-0.08484987306101431	0.08	0.2888610778630951
rsPRISMA00198	3	1380000	T	G	-0.06001589797350967	0.08	0.4531350268003772
rsPRISMA00199	3	1390000	G	A	0.17065429929656778	0.08	0.0329100663494833
rsPRISMA00200	3	1400000	G	T	-0.02502356793066946	0.08	0.7544367189122251
rsPRISMA00201	3	1410000	G	A	0.01813993208348613	0.08	0.8206188053666497
rsPRISMA00202	3	1420000	T	G	0.11920659587032484	0.08	0.1362025585471343
rsPRISMA00203	3	1430000	T	G	-0.04390179420435006	0.08	0.58316163451932
rsPRISMA00204	3	1440000	T	C	-0.013036685929007048	0.08	0.8705510516671671
rsPRISMA00205	3	1450000	T	G	0.12361844401310144	0.08	0.12229050728427454
rsPRISMA00206	3	1460000	C	T	-0.22589616024446607	0.08	0.004747250031429537
rsPRISMA00207	3	1470000	A	C	0.07347775160033157	0.08	0.35837186630579154
rsPRISMA00208	3	1480000	C	T	0.19713888966032891	0.08	0.013730562516007443
rsPRISMA00209	3	1490000	T	G	0.12557746966216804	0.08	0.11648064540966112
rsPRISMA00210	3	1500000	T	G	0.1323006571770144	0.08	0.09817664913471374
rsPRISMA00211	3	1510000	G	A	-0.16913981971416683	0.08	0.03449411277951172
rsPRISMA00212	3	1520000	T	G	0.2092921014081488	0.08	0.008892715157683641
rsPRISMA00213	3	1530000	A	C	-0.04234391449274871	0.08	0.5965980969408315
rsPRISMA00214	3	1540000	T	C	-0.24564943286555516	0.08	0.002136163222167699
rsPRISMA00215	3	1550000	C	A	-0.10835896392388601	0.08	0.1755810424596293
rsPRISMA00216	3	1560000	C	T	-0.007673145667300068	0.08	0.9235886206336236
rsPRISMA00217	3	1570000	T	C	0.07461851598269575	0.08	0.35095864255734877
rsPRISMA00218	3	1580000	T	C	-0.04318474710343514	0.08	0.5893285260323214
rsPRISMA00219	3	1590000	A	C	0.17019798452972892	0.08	0.03338065241035023
rsPRISMA00220	3	1600000	C	T	-0.01817327271155433	0.08	0.820294735496868
rsPRISMA00221	3	1610000	A	G	-0.0036571555555736835	0.08	0.9635378508439516
rsPRISMA00222	3	1620000	C	T	0.05004179816453744	0.08	0.531628200941779
rsPRISMA00223	3	1630000	G	A	0.07832975466936759	0.08	0.3275197354944168
rsPRISMA00224	3	1640000	A	C	0.1234511117173305	0.08	0.1227970790203561
rsPRISMA00225	3	1650000	G	A	-0.1495812850146714	0.08	0.061516311050569816
rsPRISMA00226	3	1660000	G	T	0.08774389329881226	0.08	0.2727294133824085
rsPRISMA00227	3	1670000	A	C	-0.11113272681557161	0.08	0.1647843801571101
rsPRISMA00228	3	1680000	C	T	-0.06260763227083288	0.08	0.4338647416291409
rsPRISMA00229	3	1690000	G	A	-0.02762984495997007	0.08	0.729813926076826
rsPRISMA00230	3	1700000	A	C	0.011046800444809853	0.08	0.8901732360786081
rsPRISMA00231	3	1710000	T	C	-0.12374432872609836	0.08	0.1219104890808829
rsPRISMA00232	3	1720000	G	T	-0.14058197442886716	0.08	0.07887100135038534
rsPRISMA00233	3	1730000	A	C	0.024696246753139018	0.08	0.7575473973336155
rsPRISMA00234	3	1740000	G	T	-0.11645404839882711	0.08	0.14548231673821804
rsPRISMA00235	3	1750000	T	C	-0.12667667994875656	0.08	0.11331699854963379
rsPRISMA00236	3	1760000	G	T	-0.03290627947765007	0.08	0.6808316791013644
rsPRISMA00237	3	1770000	G	A	0.0568502135858196	0.08	0.4773149919541262
rsPRISMA00238	3	1780000	T	C	0.17932798607386077	0.08	0.02498724724471582
rsPRISMA00239	3	1790000	A	C	-0.024664613150955736	0.08	0.7578482345829427
rsPRISMA00240	3	1800000	T	C	0.17530813311704063	0.08	0.028426354073297817
